"0","for (i in 2:length(weatherAU)) {
  print(paste0(""Unique values in "", colnames(weatherAU)[i], "":""))
  print(unique(weatherAU[,i]))
}
"
"1","[1]"
"1"," ""Unique values in Location:"""
"1","
"
"1"," [1]"
"1"," Albury          "
"1"," BadgerysCreek   "
"1"," Cobar           "
"1"," CoffsHarbour    "
"1"," Moree           "
"1","
"
"1"," [6]"
"1"," Newcastle       "
"1"," NorahHead       "
"1"," NorfolkIsland   "
"1"," Penrith         "
"1"," Richmond        "
"1","
"
"1","[11]"
"1"," Sydney          "
"1"," SydneyAirport   "
"1"," WaggaWagga      "
"1"," Williamtown     "
"1"," Wollongong      "
"1","
"
"1","[16]"
"1"," Canberra        "
"1"," Tuggeranong     "
"1"," MountGinini     "
"1"," Ballarat        "
"1"," Bendigo         "
"1","
"
"1","[21]"
"1"," Sale            "
"1"," MelbourneAirport"
"1"," Melbourne       "
"1"," Mildura         "
"1"," Nhil            "
"1","
"
"1","[26]"
"1"," Portland        "
"1"," Watsonia        "
"1"," Dartmoor        "
"1"," Brisbane        "
"1"," Cairns          "
"1","
"
"1","[31]"
"1"," GoldCoast       "
"1"," Townsville      "
"1"," Adelaide        "
"1"," MountGambier    "
"1"," Nuriootpa       "
"1","
"
"1","[36]"
"1"," Woomera         "
"1"," Albany          "
"1"," Witchcliffe     "
"1"," PearceRAAF      "
"1"," PerthAirport    "
"1","
"
"1","[41]"
"1"," Perth           "
"1"," SalmonGums      "
"1"," Walpole         "
"1"," Hobart          "
"1"," Launceston      "
"1","
"
"1","[46]"
"1"," AliceSprings    "
"1"," Darwin          "
"1"," Katherine       "
"1"," Uluru           "
"1","
"
"1","49 "
"1",""
"1","Levels: "
"1",""
"1","Adelaide Albany Albury AliceSprings BadgerysCreek Ballarat Bendigo ... Woomera"
"1",""
"1","
"
"1","[1]"
"1"," ""Unique values in MinTemp:"""
"1","
"
"1","  [1]"
"1"," 13.4"
"1","  7.4"
"1"," 12.9"
"1","  9.2"
"1"," 17.5"
"1"," 14.6"
"1"," 14.3"
"1","  7.7"
"1","  9.7"
"1"," 13.1"
"1"," 15.9"
"1"," 12.6"
"1","  9.8"
"1"," 14.1"
"1"," 13.5"
"1"," 11.2"
"1"," 11.5"
"1","
"
"1"," [18]"
"1"," 17.1"
"1"," 20.5"
"1"," 15.3"
"1"," 16.2"
"1"," 16.9"
"1"," 20.1"
"1"," 19.7"
"1"," 12.5"
"1"," 12.0"
"1"," 11.3"
"1","  9.6"
"1"," 10.5"
"1"," 12.3"
"1"," 13.7"
"1"," 16.1"
"1"," 14.0"
"1"," 17.0"
"1","
"
"1"," [35]"
"1"," 17.3"
"1"," 17.2"
"1"," 17.4"
"1"," 19.8"
"1"," 14.9"
"1"," 13.9"
"1"," 18.6"
"1"," 19.3"
"1"," 24.4"
"1"," 18.8"
"1"," 20.8"
"1"," 15.7"
"1"," 18.5"
"1"," 20.4"
"1"," 21.8"
"1"," 22.3"
"1"," 22.0"
"1","
"
"1"," [52]"
"1"," 28.0"
"1"," 21.5"
"1"," 21.7"
"1"," 23.5"
"1"," 28.3"
"1"," 18.4"
"1"," 12.4"
"1"," 13.3"
"1"," 18.0"
"1"," 18.7"
"1"," 15.5"
"1","  8.9"
"1"," 15.0"
"1"," 15.4"
"1"," 16.0"
"1"," 12.8"
"1"," 13.2"
"1","
"
"1"," [69]"
"1"," 13.8"
"1","  7.6"
"1","  8.3"
"1"," 11.0"
"1"," 20.9"
"1"," 16.4"
"1"," 10.0"
"1","  8.8"
"1","  8.4"
"1","  9.3"
"1"," 14.4"
"1"," 10.8"
"1"," 10.1"
"1","  9.1"
"1"," 10.4"
"1"," 12.2"
"1"," 10.7"
"1","
"
"1"," [86]"
"1","  7.8"
"1","  8.1"
"1","  7.5"
"1","  8.2"
"1"," 11.6"
"1"," 13.0"
"1","  9.9"
"1","  3.5"
"1","  6.6"
"1","  7.0"
"1","  5.7"
"1","  6.2"
"1","  6.0"
"1"," 10.6"
"1","  8.6"
"1","  4.5"
"1","  5.4"
"1","
"
"1","[103]"
"1","  2.1"
"1","  1.8"
"1","  7.2"
"1","  4.6"
"1","  4.2"
"1","  5.2"
"1","  4.1"
"1","  3.2"
"1","  4.3"
"1","  3.7"
"1","  3.6"
"1","  6.9"
"1"," 10.3"
"1","  3.0"
"1","  2.6"
"1","  5.1"
"1","  4.4"
"1","
"
"1","[120]"
"1","  4.7"
"1","  6.7"
"1","  8.0"
"1","  2.2"
"1","  1.7"
"1","  2.8"
"1","  9.0"
"1","  6.3"
"1"," -2.0"
"1"," -1.3"
"1","  2.0"
"1","  0.5"
"1","  1.2"
"1","  0.6"
"1","  0.9"
"1","  5.0"
"1","  3.9"
"1","
"
"1","[137]"
"1","  3.4"
"1","  0.0"
"1"," -1.5"
"1"," -1.7"
"1"," -0.4"
"1","  0.1"
"1","  4.8"
"1","  5.9"
"1","  2.9"
"1"," -0.6"
"1"," -0.3"
"1"," -1.0"
"1","  0.8"
"1"," -0.1"
"1","  1.3"
"1","  3.3"
"1","  6.5"
"1","
"
"1","[154]"
"1"," -0.8"
"1","  1.9"
"1","  6.8"
"1","  2.7"
"1","  1.6"
"1","  5.5"
"1","  7.3"
"1","  0.2"
"1","  5.8"
"1","  7.1"
"1","  1.1"
"1","  1.0"
"1","  6.1"
"1","   NA"
"1","  5.3"
"1","  4.0"
"1"," 11.7"
"1","
"
"1","[171]"
"1","  8.5"
"1","  3.8"
"1","  6.4"
"1","  9.5"
"1"," 14.5"
"1"," 15.6"
"1"," 17.8"
"1"," 16.7"
"1"," 18.1"
"1"," 12.1"
"1"," 11.4"
"1"," 18.3"
"1"," 11.9"
"1"," 21.0"
"1"," 11.1"
"1"," 18.2"
"1"," 14.2"
"1","
"
"1","[188]"
"1"," 11.8"
"1"," 13.6"
"1"," 12.7"
"1"," 15.1"
"1"," 22.9"
"1"," 17.6"
"1"," 21.1"
"1"," 19.4"
"1"," 14.8"
"1"," 16.3"
"1"," 19.6"
"1"," 20.6"
"1"," 24.5"
"1"," 22.6"
"1"," 16.8"
"1","  8.7"
"1"," 19.2"
"1","
"
"1","[205]"
"1"," 24.7"
"1"," 17.7"
"1"," 15.2"
"1"," 18.9"
"1"," 17.9"
"1"," 19.5"
"1"," 20.3"
"1"," 23.0"
"1"," 22.5"
"1"," 20.2"
"1"," 16.5"
"1","  5.6"
"1","  3.1"
"1","  1.4"
"1"," 10.2"
"1","  9.4"
"1","  0.4"
"1","
"
"1","[222]"
"1","  4.9"
"1","  1.5"
"1","  2.3"
"1","  0.7"
"1"," -0.5"
"1","  2.5"
"1"," -1.2"
"1","  0.3"
"1","  2.4"
"1"," 14.7"
"1"," 10.9"
"1"," 16.6"
"1"," 21.3"
"1"," 23.2"
"1"," 21.6"
"1"," 22.1"
"1"," 24.0"
"1","
"
"1","[239]"
"1"," 19.9"
"1"," 20.7"
"1"," 21.9"
"1"," -0.7"
"1"," -1.1"
"1"," -1.4"
"1"," -0.2"
"1"," -1.6"
"1"," 15.8"
"1"," 19.1"
"1"," 20.0"
"1"," -2.5"
"1"," -1.8"
"1","  7.9"
"1"," 21.2"
"1"," 22.2"
"1"," 23.7"
"1","
"
"1","[256]"
"1"," 25.2"
"1"," 19.0"
"1"," -0.9"
"1"," -2.1"
"1"," -2.8"
"1"," 26.0"
"1"," -2.4"
"1"," 26.8"
"1"," 23.4"
"1"," 22.8"
"1"," 22.4"
"1"," 24.6"
"1"," 23.9"
"1"," -3.0"
"1"," 23.1"
"1"," 23.6"
"1"," 21.4"
"1","
"
"1","[273]"
"1"," -1.9"
"1"," 25.1"
"1"," 24.2"
"1"," 27.1"
"1"," 23.3"
"1"," 24.9"
"1"," 25.4"
"1"," 23.8"
"1"," 27.0"
"1"," 26.2"
"1"," 25.0"
"1"," 24.8"
"1"," 27.6"
"1"," 24.1"
"1"," 27.2"
"1"," 29.1"
"1"," 28.9"
"1","
"
"1","[290]"
"1"," 25.3"
"1"," 27.4"
"1"," 28.8"
"1"," 27.3"
"1"," 26.1"
"1"," 26.5"
"1"," 22.7"
"1"," 25.7"
"1"," 24.3"
"1"," 29.3"
"1"," 27.7"
"1"," 26.3"
"1"," 25.8"
"1"," 29.4"
"1"," 25.6"
"1"," 26.7"
"1"," 26.6"
"1","
"
"1","[307]"
"1"," 28.1"
"1"," 27.8"
"1"," 28.5"
"1"," 25.5"
"1"," 26.9"
"1"," 26.4"
"1"," 27.5"
"1"," 28.7"
"1"," 29.7"
"1"," 25.9"
"1"," -2.3"
"1"," -3.3"
"1"," -2.2"
"1"," -3.2"
"1"," 29.0"
"1"," 28.6"
"1"," -3.8"
"1","
"
"1","[324]"
"1"," -4.8"
"1"," -3.1"
"1"," -2.7"
"1"," -2.6"
"1"," -2.9"
"1"," -4.7"
"1"," -3.6"
"1"," -3.5"
"1"," -3.4"
"1"," -5.3"
"1"," -3.7"
"1"," -5.8"
"1"," -5.0"
"1"," -4.5"
"1"," -4.3"
"1"," -3.9"
"1"," -4.2"
"1","
"
"1","[341]"
"1"," -4.0"
"1"," -6.9"
"1"," -6.5"
"1"," -5.5"
"1"," -5.2"
"1"," -6.3"
"1"," -4.4"
"1"," -8.0"
"1"," -6.7"
"1"," -4.9"
"1"," -5.4"
"1"," -6.1"
"1"," -4.6"
"1"," -6.0"
"1"," -6.6"
"1"," -5.1"
"1"," -5.6"
"1","
"
"1","[358]"
"1"," -6.8"
"1"," -7.6"
"1"," -7.0"
"1"," -4.1"
"1"," -5.7"
"1"," -6.2"
"1"," -8.2"
"1"," -5.9"
"1"," -8.5"
"1"," -7.1"
"1"," -6.4"
"1"," -7.5"
"1"," -7.2"
"1"," -7.8"
"1"," -7.3"
"1"," 30.5"
"1"," 29.8"
"1","
"
"1","[375]"
"1"," 31.9"
"1"," 28.4"
"1"," 28.2"
"1"," 27.9"
"1"," 30.7"
"1"," 33.9"
"1"," 29.2"
"1"," 29.9"
"1"," 31.4"
"1"," 31.8"
"1"," 29.5"
"1"," 31.2"
"1"," 29.6"
"1"," 30.3"
"1"," 31.0"
"1"," 30.2"
"1","
"
"1","[1]"
"1"," ""Unique values in MaxTemp:"""
"1","
"
"1","  [1]"
"1"," 22.9"
"1"," 25.1"
"1"," 25.7"
"1"," 28.0"
"1"," 32.3"
"1"," 29.7"
"1"," 25.0"
"1"," 26.7"
"1"," 31.9"
"1"," 30.1"
"1"," 30.4"
"1"," 21.7"
"1"," 18.6"
"1"," 21.0"
"1"," 27.7"
"1"," 20.9"
"1"," 22.5"
"1","
"
"1"," [18]"
"1"," 25.6"
"1"," 29.3"
"1"," 33.0"
"1"," 31.8"
"1"," 30.9"
"1"," 32.4"
"1"," 33.9"
"1"," 32.7"
"1"," 27.2"
"1"," 24.2"
"1"," 24.4"
"1"," 26.5"
"1"," 23.9"
"1"," 28.8"
"1"," 34.6"
"1"," 35.8"
"1"," 37.9"
"1","
"
"1"," [35]"
"1"," 38.9"
"1"," 28.3"
"1"," 28.4"
"1"," 30.8"
"1"," 32.0"
"1"," 34.7"
"1"," 37.7"
"1"," 43.0"
"1"," 32.2"
"1"," 36.6"
"1"," 39.9"
"1"," 38.1"
"1"," 34.0"
"1"," 35.2"
"1"," 30.6"
"1"," 34.3"
"1"," 38.4"
"1","
"
"1"," [52]"
"1"," 38.2"
"1"," 40.7"
"1"," 41.5"
"1"," 42.9"
"1"," 42.7"
"1"," 43.1"
"1"," 38.3"
"1"," 36.9"
"1"," 41.2"
"1"," 42.2"
"1"," 44.8"
"1"," 40.2"
"1"," 31.2"
"1"," 27.3"
"1"," 21.6"
"1"," 29.0"
"1"," 29.2"
"1","
"
"1"," [69]"
"1"," 31.3"
"1"," 31.1"
"1"," 29.1"
"1"," 31.7"
"1"," 33.2"
"1"," 29.6"
"1"," 32.6"
"1"," 34.5"
"1"," 30.3"
"1"," 22.1"
"1"," 22.0"
"1"," 24.0"
"1"," 27.9"
"1"," 30.2"
"1"," 30.5"
"1"," 25.8"
"1"," 27.0"
"1","
"
"1"," [86]"
"1"," 19.7"
"1"," 21.9"
"1"," 25.3"
"1"," 33.5"
"1"," 33.6"
"1"," 30.0"
"1"," 31.6"
"1"," 22.3"
"1"," 29.8"
"1"," 27.6"
"1"," 28.9"
"1"," 29.9"
"1"," 32.1"
"1"," 28.1"
"1"," 21.4"
"1"," 24.9"
"1"," 25.4"
"1","
"
"1","[103]"
"1"," 20.0"
"1"," 23.4"
"1"," 22.7"
"1"," 16.2"
"1"," 15.8"
"1"," 12.9"
"1"," 11.5"
"1"," 14.5"
"1"," 12.2"
"1"," 16.5"
"1"," 17.0"
"1"," 19.2"
"1"," 18.9"
"1"," 19.1"
"1"," 18.8"
"1"," 19.3"
"1"," 18.4"
"1","
"
"1","[120]"
"1"," 19.0"
"1"," 20.5"
"1"," 19.5"
"1"," 17.7"
"1"," 18.5"
"1"," 15.1"
"1"," 16.3"
"1"," 16.6"
"1"," 16.4"
"1"," 15.6"
"1"," 19.8"
"1"," 21.1"
"1"," 20.3"
"1"," 18.1"
"1"," 15.7"
"1"," 16.8"
"1"," 17.1"
"1","
"
"1","[137]"
"1"," 14.3"
"1"," 13.4"
"1"," 17.4"
"1"," 16.1"
"1"," 10.5"
"1"," 11.6"
"1"," 12.0"
"1","  8.8"
"1","  9.6"
"1","  8.2"
"1"," 12.4"
"1"," 14.9"
"1"," 15.9"
"1"," 14.7"
"1"," 15.3"
"1"," 17.3"
"1"," 15.5"
"1","
"
"1","[154]"
"1"," 14.1"
"1"," 13.7"
"1"," 11.9"
"1"," 12.3"
"1"," 13.3"
"1"," 13.2"
"1"," 12.1"
"1"," 12.5"
"1"," 13.8"
"1"," 15.0"
"1"," 13.5"
"1"," 13.1"
"1"," 11.0"
"1"," 12.6"
"1"," 14.4"
"1","  9.8"
"1"," 12.7"
"1","
"
"1","[171]"
"1"," 13.9"
"1"," 14.8"
"1"," 15.2"
"1"," 17.5"
"1"," 13.6"
"1"," 12.8"
"1"," 16.7"
"1"," 17.9"
"1"," 11.1"
"1"," 14.2"
"1"," 20.7"
"1"," 16.9"
"1"," 17.6"
"1"," 24.7"
"1"," 17.8"
"1"," 17.2"
"1"," 20.4"
"1","
"
"1","[188]"
"1"," 20.6"
"1"," 20.2"
"1"," 18.2"
"1"," 18.7"
"1"," 23.3"
"1"," 26.6"
"1"," 27.1"
"1"," 23.1"
"1"," 24.1"
"1"," 26.8"
"1"," 26.9"
"1"," 24.3"
"1"," 23.2"
"1"," 33.4"
"1"," 36.0"
"1"," 35.1"
"1"," 32.8"
"1","
"
"1","[205]"
"1"," 35.4"
"1"," 36.3"
"1"," 39.7"
"1"," 23.6"
"1"," 32.9"
"1"," 26.2"
"1"," 26.4"
"1"," 31.5"
"1"," 27.5"
"1"," 30.7"
"1"," 27.4"
"1"," 22.6"
"1"," 38.6"
"1"," 40.3"
"1"," 33.7"
"1"," 35.9"
"1"," 36.8"
"1","
"
"1","[222]"
"1"," 33.8"
"1"," 36.4"
"1"," 39.8"
"1"," 42.4"
"1"," 25.2"
"1"," 37.3"
"1"," 41.8"
"1"," 34.4"
"1"," 36.5"
"1"," 35.6"
"1"," 26.1"
"1"," 28.5"
"1"," 31.0"
"1"," 26.3"
"1","   NA"
"1"," 25.5"
"1"," 22.4"
"1","
"
"1","[239]"
"1"," 28.6"
"1"," 31.4"
"1"," 28.7"
"1"," 24.8"
"1"," 19.9"
"1"," 23.5"
"1"," 25.9"
"1"," 23.0"
"1"," 10.2"
"1"," 14.0"
"1","  8.4"
"1","  8.3"
"1","  9.4"
"1"," 10.9"
"1"," 10.3"
"1"," 10.8"
"1"," 14.6"
"1","
"
"1","[256]"
"1"," 15.4"
"1"," 10.0"
"1"," 10.1"
"1"," 11.8"
"1"," 16.0"
"1"," 10.4"
"1"," 13.0"
"1"," 11.7"
"1"," 10.7"
"1"," 19.6"
"1"," 20.1"
"1"," 20.8"
"1"," 23.7"
"1"," 18.0"
"1"," 21.8"
"1"," 22.2"
"1"," 24.5"
"1","
"
"1","[273]"
"1"," 29.4"
"1"," 21.2"
"1"," 32.5"
"1"," 28.2"
"1"," 21.5"
"1"," 22.8"
"1"," 11.2"
"1"," 19.4"
"1"," 18.3"
"1","  9.2"
"1","  9.3"
"1"," 21.3"
"1"," 23.8"
"1"," 26.0"
"1"," 24.6"
"1"," 27.8"
"1"," 33.1"
"1","
"
"1","[290]"
"1"," 34.9"
"1"," 36.1"
"1"," 36.2"
"1"," 35.3"
"1"," 35.5"
"1","  9.7"
"1"," 10.6"
"1"," 11.3"
"1"," 11.4"
"1"," 36.7"
"1"," 37.4"
"1"," 43.4"
"1"," 42.0"
"1"," 40.4"
"1"," 39.2"
"1"," 38.8"
"1"," 37.0"
"1","
"
"1","[307]"
"1"," 35.7"
"1"," 37.1"
"1"," 29.5"
"1"," 37.6"
"1"," 40.5"
"1"," 39.0"
"1"," 43.6"
"1"," 42.6"
"1"," 34.2"
"1"," 33.3"
"1"," 40.6"
"1"," 41.7"
"1"," 41.6"
"1"," 41.1"
"1"," 40.1"
"1","  8.7"
"1"," 39.6"
"1","
"
"1","[324]"
"1"," 34.1"
"1","  9.9"
"1","  8.6"
"1","  9.1"
"1","  6.8"
"1","  9.5"
"1","  9.0"
"1"," 37.2"
"1"," 34.8"
"1"," 40.0"
"1"," 35.0"
"1"," 38.0"
"1"," 39.5"
"1"," 40.9"
"1"," 38.5"
"1","  7.5"
"1"," 39.3"
"1","
"
"1","[341]"
"1"," 42.5"
"1"," 43.7"
"1"," 37.8"
"1"," 38.7"
"1"," 41.9"
"1"," 39.4"
"1"," 41.4"
"1"," 37.5"
"1"," 45.8"
"1"," 41.0"
"1"," 39.1"
"1"," 40.8"
"1"," 42.8"
"1"," 45.1"
"1"," 44.4"
"1"," 43.5"
"1"," 42.1"
"1","
"
"1","[358]"
"1"," 46.4"
"1"," 43.9"
"1"," 45.4"
"1"," 41.3"
"1"," 44.3"
"1"," 46.0"
"1"," 43.8"
"1"," 43.2"
"1"," 45.2"
"1","  8.5"
"1"," 42.3"
"1","  7.8"
"1"," 45.7"
"1"," 46.6"
"1"," 47.3"
"1"," 44.5"
"1"," 44.1"
"1","
"
"1","[375]"
"1"," 44.0"
"1"," 43.3"
"1"," 46.5"
"1"," 44.9"
"1"," 46.9"
"1"," 45.3"
"1"," 44.6"
"1"," 47.0"
"1","  8.9"
"1","  8.1"
"1","  7.6"
"1","  6.3"
"1","  8.0"
"1","  6.6"
"1"," 45.5"
"1","  4.1"
"1","  7.7"
"1","
"
"1","[392]"
"1","  7.1"
"1","  7.9"
"1","  7.0"
"1","  7.3"
"1","  2.6"
"1","  7.4"
"1","  6.2"
"1","  7.2"
"1","  6.0"
"1","  4.9"
"1"," -1.7"
"1","  0.0"
"1","  2.4"
"1","  5.3"
"1","  2.3"
"1","  5.7"
"1","  5.2"
"1","
"
"1","[409]"
"1","  5.5"
"1","  4.7"
"1","  6.5"
"1","  2.5"
"1","  2.7"
"1","  3.4"
"1","  2.9"
"1","  5.0"
"1","  3.2"
"1","  0.1"
"1"," -0.1"
"1"," -2.2"
"1"," -0.6"
"1","  0.6"
"1","  2.2"
"1","  4.0"
"1","  3.5"
"1","
"
"1","[426]"
"1","  3.0"
"1","  4.2"
"1","  3.3"
"1","  3.9"
"1","  0.4"
"1","  5.9"
"1"," -0.7"
"1"," -1.8"
"1"," -0.2"
"1"," -1.3"
"1","  1.8"
"1","  3.1"
"1","  1.6"
"1","  0.3"
"1","  1.2"
"1"," -0.5"
"1","  1.0"
"1","
"
"1","[443]"
"1","  0.5"
"1","  0.2"
"1","  1.9"
"1","  2.0"
"1","  5.1"
"1","  2.8"
"1","  6.7"
"1","  0.9"
"1","  3.8"
"1","  4.3"
"1"," -2.4"
"1"," -0.3"
"1","  4.6"
"1","  6.9"
"1"," -2.5"
"1","  2.1"
"1","  1.4"
"1","
"
"1","[460]"
"1","  5.6"
"1","  3.6"
"1","  4.4"
"1"," -2.7"
"1"," -1.0"
"1","  5.8"
"1"," -1.4"
"1"," -0.8"
"1"," -2.0"
"1","  4.5"
"1","  1.7"
"1"," -0.9"
"1"," -2.1"
"1"," -1.5"
"1"," -3.1"
"1","  1.1"
"1"," -1.2"
"1","
"
"1","[477]"
"1","  4.8"
"1","  6.1"
"1","  6.4"
"1","  3.7"
"1"," -1.1"
"1","  1.5"
"1","  5.4"
"1","  1.3"
"1","  0.8"
"1"," -2.3"
"1"," -3.7"
"1"," -2.9"
"1"," -0.4"
"1"," -1.9"
"1"," -3.8"
"1","  0.7"
"1"," -4.1"
"1","
"
"1","[494]"
"1"," -3.2"
"1"," -3.0"
"1"," -4.8"
"1"," 44.2"
"1"," 46.8"
"1"," 46.7"
"1"," 45.0"
"1"," 46.3"
"1"," 44.7"
"1"," 45.6"
"1"," 46.2"
"1"," 48.1"
"1"," 46.1"
"1","
"
"1","[1]"
"1"," ""Unique values in Rainfall:"""
"1","
"
"1","  [1]"
"1","   0.6"
"1","   0.0"
"1","   1.0"
"1","   0.2"
"1","   1.4"
"1","   2.2"
"1","  15.6"
"1","   3.6"
"1","    NA"
"1","  16.8"
"1","  10.6"
"1","   1.2"
"1","   0.8"
"1","   6.4"
"1","
"
"1"," [15]"
"1","   0.4"
"1","   3.0"
"1","   5.8"
"1","  11.6"
"1","   1.8"
"1","   8.6"
"1","  12.6"
"1","   8.4"
"1","   6.2"
"1","  20.0"
"1","  21.0"
"1","   3.2"
"1","   4.8"
"1","   4.2"
"1","
"
"1"," [29]"
"1","   8.0"
"1","  14.4"
"1","   4.6"
"1","   2.0"
"1","   5.6"
"1","   1.6"
"1","   6.0"
"1","   4.4"
"1","   5.4"
"1","   5.0"
"1","   7.8"
"1","   6.8"
"1","   9.8"
"1","   3.8"
"1","
"
"1"," [43]"
"1","   2.4"
"1","   5.2"
"1","   6.6"
"1","  13.4"
"1","  10.2"
"1","  28.8"
"1","   7.0"
"1","  25.8"
"1","   9.4"
"1","  12.4"
"1","  52.2"
"1","  20.6"
"1","  66.0"
"1","  11.0"
"1","
"
"1"," [57]"
"1","  17.0"
"1","  10.4"
"1","  28.0"
"1","  21.4"
"1","  18.6"
"1","   7.2"
"1","   8.2"
"1","  10.8"
"1","  15.4"
"1","   9.6"
"1","   4.0"
"1","  21.8"
"1","  20.8"
"1","  24.8"
"1","
"
"1"," [71]"
"1","  10.0"
"1","  11.4"
"1","  19.0"
"1","  22.2"
"1","  32.8"
"1","   3.4"
"1","  50.8"
"1","  52.6"
"1","  19.2"
"1","  18.8"
"1","  14.8"
"1","  12.0"
"1","  18.4"
"1","  25.6"
"1","
"
"1"," [85]"
"1","  35.0"
"1","  14.2"
"1","  13.8"
"1","   2.6"
"1","  99.2"
"1","  51.0"
"1","  39.8"
"1","  28.2"
"1","  12.2"
"1","  12.8"
"1","  11.8"
"1","  19.8"
"1","  17.4"
"1","   8.8"
"1","
"
"1"," [99]"
"1","  16.2"
"1","  14.6"
"1","   2.8"
"1","  30.8"
"1","  28.4"
"1","  34.8"
"1","  44.0"
"1","  14.0"
"1","  16.6"
"1","   9.0"
"1","  26.8"
"1","  38.4"
"1"," 104.2"
"1","  36.6"
"1","
"
"1","[113]"
"1","  34.2"
"1","  29.4"
"1","  27.2"
"1","  11.2"
"1","  13.2"
"1","  33.4"
"1","   7.6"
"1","  24.6"
"1","   7.4"
"1","  16.0"
"1","  19.4"
"1","  53.4"
"1","  15.0"
"1","  33.6"
"1","
"
"1","[127]"
"1","  17.2"
"1","  37.4"
"1","  13.0"
"1","  31.0"
"1","   9.2"
"1","  66.2"
"1","  36.4"
"1","  41.0"
"1","  24.4"
"1","  27.0"
"1","  46.8"
"1","  15.8"
"1","  35.8"
"1","  22.4"
"1","
"
"1","[141]"
"1","  16.4"
"1","  15.2"
"1","  23.0"
"1","  22.8"
"1","  28.6"
"1","  46.0"
"1","  24.2"
"1","  22.0"
"1","  18.0"
"1","  31.2"
"1","  21.2"
"1","  36.0"
"1","  23.4"
"1","  32.0"
"1","
"
"1","[155]"
"1","  46.4"
"1","  13.6"
"1","  42.0"
"1","  33.8"
"1","  25.4"
"1","  20.4"
"1","  22.6"
"1","  43.2"
"1","  61.4"
"1","  48.2"
"1","  48.6"
"1","  18.2"
"1","  67.8"
"1","  39.2"
"1","
"
"1","[169]"
"1","  31.8"
"1","  82.4"
"1","  35.4"
"1"," 116.0"
"1","  30.6"
"1","  17.8"
"1","  38.2"
"1","  30.2"
"1","  24.0"
"1","  47.0"
"1","  42.4"
"1","  33.0"
"1","  40.0"
"1","  44.2"
"1","
"
"1","[183]"
"1","  34.6"
"1","  30.4"
"1","  38.8"
"1","  83.6"
"1","  50.2"
"1","  26.2"
"1","  38.0"
"1","  31.6"
"1","  27.8"
"1","  29.8"
"1","  17.6"
"1"," 100.2"
"1"," 109.2"
"1","  23.6"
"1","
"
"1","[197]"
"1","  32.6"
"1","  21.6"
"1","  54.0"
"1","  39.6"
"1","  26.0"
"1","  34.0"
"1","  49.4"
"1","  37.0"
"1","  29.2"
"1","  68.0"
"1","  33.2"
"1","  27.4"
"1","  39.0"
"1","  38.6"
"1","
"
"1","[211]"
"1","  43.0"
"1","   4.5"
"1","  29.1"
"1","   2.9"
"1","   1.3"
"1","  30.0"
"1","  63.6"
"1"," 189.0"
"1","  58.6"
"1","  59.0"
"1","  20.2"
"1","  42.8"
"1","  76.0"
"1","  19.6"
"1","
"
"1","[225]"
"1","  55.8"
"1","  70.0"
"1","  71.2"
"1"," 141.8"
"1","  96.0"
"1"," 371.0"
"1","  58.0"
"1","  67.0"
"1","  80.6"
"1","  56.6"
"1","  45.2"
"1","  59.4"
"1","  42.6"
"1","  34.4"
"1","
"
"1","[239]"
"1","  90.0"
"1"," 128.0"
"1","  61.2"
"1","  23.8"
"1","  27.6"
"1","  73.8"
"1","  72.2"
"1"," 105.4"
"1","  40.4"
"1"," 102.0"
"1","  44.4"
"1","  48.0"
"1","  63.8"
"1","  36.8"
"1","
"
"1","[253]"
"1","   5.5"
"1","  25.2"
"1"," 103.4"
"1"," 127.6"
"1","  63.2"
"1","  52.4"
"1","  25.0"
"1","  55.0"
"1","  56.8"
"1","  70.8"
"1","  62.4"
"1"," 112.0"
"1"," 153.2"
"1","  45.8"
"1","
"
"1","[267]"
"1","  97.0"
"1","  51.8"
"1","  86.4"
"1","   0.5"
"1"," 159.8"
"1"," 208.5"
"1"," 172.2"
"1","   0.9"
"1","   2.5"
"1","   0.3"
"1","   1.7"
"1","   3.3"
"1","  51.2"
"1"," 106.4"
"1","
"
"1","[281]"
"1"," 147.8"
"1","  45.6"
"1","  59.6"
"1","  29.0"
"1","  11.7"
"1","  75.0"
"1","  76.4"
"1","  64.0"
"1","  53.2"
"1"," 100.4"
"1","   0.1"
"1","  65.8"
"1","   8.5"
"1","  32.4"
"1","
"
"1","[295]"
"1"," 157.8"
"1","   4.1"
"1"," 113.8"
"1","   0.7"
"1","   3.1"
"1","   1.5"
"1","  32.2"
"1","  32.7"
"1","  10.1"
"1","  11.1"
"1","  96.1"
"1","  49.8"
"1"," 219.6"
"1"," 109.4"
"1","
"
"1","[309]"
"1","   3.5"
"1","  26.4"
"1","  29.6"
"1","  36.2"
"1","  37.6"
"1","  43.8"
"1","  41.5"
"1","  50.6"
"1"," 142.8"
"1"," 106.2"
"1"," 104.8"
"1","   2.7"
"1","  31.1"
"1","  13.9"
"1","
"
"1","[323]"
"1","  71.0"
"1","  90.6"
"1","  64.8"
"1","  47.6"
"1","  51.4"
"1","  26.6"
"1","  48.8"
"1","  37.2"
"1","  39.4"
"1"," 113.0"
"1","  74.4"
"1","  92.8"
"1","  40.2"
"1","  76.8"
"1","
"
"1","[337]"
"1","  54.6"
"1","  44.8"
"1","  44.6"
"1","  50.0"
"1","  22.7"
"1","  20.9"
"1","  59.8"
"1","  45.4"
"1"," 147.2"
"1","  35.2"
"1","  71.4"
"1","  31.4"
"1","  23.7"
"1","  42.2"
"1","
"
"1","[351]"
"1","  75.6"
"1","  41.8"
"1","  43.6"
"1","   4.9"
"1","  35.6"
"1","  26.5"
"1","  49.0"
"1","  33.9"
"1","  30.7"
"1","   5.3"
"1","  10.7"
"1","  64.1"
"1","  50.4"
"1","  45.5"
"1","
"
"1","[365]"
"1","   6.9"
"1","  68.8"
"1","  77.6"
"1","  89.8"
"1","  69.8"
"1","  32.5"
"1","  62.6"
"1"," 132.5"
"1","  15.7"
"1","  22.5"
"1"," 240.0"
"1","  41.2"
"1","   6.3"
"1","  58.2"
"1","
"
"1","[379]"
"1","  37.9"
"1","  29.5"
"1","  52.0"
"1","  21.5"
"1"," 216.3"
"1","  12.5"
"1","   2.3"
"1","  51.6"
"1","  20.7"
"1","  63.4"
"1","  74.2"
"1","  23.2"
"1","  43.4"
"1","  56.0"
"1","
"
"1","[393]"
"1","  47.8"
"1","  48.4"
"1","  69.2"
"1","  55.6"
"1","  61.8"
"1","  73.0"
"1","  83.4"
"1","  37.8"
"1"," 126.4"
"1","  47.2"
"1","  59.2"
"1"," 120.2"
"1","  56.2"
"1","  89.0"
"1","
"
"1","[407]"
"1","  76.2"
"1","  82.8"
"1","  69.6"
"1","  72.0"
"1","  40.8"
"1"," 107.4"
"1","  71.6"
"1","  29.9"
"1"," 142.2"
"1","  79.8"
"1","  84.8"
"1"," 105.6"
"1","  57.6"
"1","  45.0"
"1","
"
"1","[421]"
"1","  62.2"
"1"," 111.0"
"1","  40.6"
"1"," 122.6"
"1","  54.8"
"1","  61.0"
"1","  61.6"
"1"," 156.8"
"1","  39.9"
"1","   2.1"
"1","   1.9"
"1","   1.1"
"1","   4.7"
"1","   5.7"
"1","
"
"1","[435]"
"1","  92.2"
"1"," 115.4"
"1"," 101.8"
"1","  49.6"
"1","  85.6"
"1","  81.4"
"1","  81.6"
"1","  67.6"
"1","  58.4"
"1","  41.6"
"1","  56.4"
"1"," 111.8"
"1","  47.4"
"1"," 113.4"
"1","
"
"1","[449]"
"1","  74.0"
"1","  70.6"
"1","  78.4"
"1","  68.6"
"1","  77.4"
"1","  73.2"
"1","  99.4"
"1","  65.2"
"1","  88.2"
"1","  57.4"
"1","  95.2"
"1","  57.0"
"1"," 119.4"
"1"," 105.8"
"1","
"
"1","[463]"
"1","  54.4"
"1","  41.4"
"1","  94.4"
"1","  64.4"
"1","  93.8"
"1","  68.4"
"1","  52.8"
"1","  85.0"
"1","  83.2"
"1"," 106.0"
"1","  60.2"
"1","  91.0"
"1","  53.6"
"1"," 104.6"
"1","
"
"1","[477]"
"1","  80.4"
"1"," 106.8"
"1","  88.6"
"1","  72.8"
"1","  62.8"
"1","  46.6"
"1","  95.6"
"1","  53.0"
"1","  54.2"
"1"," 110.8"
"1","  57.8"
"1","  12.3"
"1","  22.9"
"1","  13.3"
"1","
"
"1","[491]"
"1"," 134.8"
"1","  84.4"
"1","  46.2"
"1","  64.2"
"1","  86.8"
"1"," 157.6"
"1"," 166.8"
"1"," 156.0"
"1"," 114.4"
"1","  81.8"
"1"," 225.0"
"1","   8.7"
"1","  91.4"
"1","  18.1"
"1","
"
"1","[505]"
"1","  49.2"
"1","  60.8"
"1","  97.2"
"1","  82.6"
"1","  78.6"
"1","  53.8"
"1","  72.6"
"1"," 139.0"
"1","  58.8"
"1","  65.0"
"1","  79.0"
"1","  75.8"
"1","  55.2"
"1"," 192.0"
"1","
"
"1","[519]"
"1","  80.8"
"1"," 118.0"
"1","  96.4"
"1"," 164.2"
"1","  69.4"
"1","  75.2"
"1","  55.4"
"1","  87.0"
"1","  93.0"
"1","  91.6"
"1","  84.2"
"1","  87.6"
"1","  78.0"
"1","  73.4"
"1","
"
"1","[533]"
"1"," 102.2"
"1","  60.4"
"1","  89.4"
"1"," 107.6"
"1","  83.8"
"1","  78.2"
"1","  88.0"
"1","  66.4"
"1","  82.2"
"1"," 155.0"
"1","  60.0"
"1","  65.6"
"1","  63.0"
"1","  84.0"
"1","
"
"1","[547]"
"1","  87.4"
"1","  83.0"
"1","  73.6"
"1","  77.2"
"1","  79.4"
"1"," 121.4"
"1","  60.6"
"1","  93.6"
"1"," 168.4"
"1"," 145.0"
"1","  94.0"
"1","  89.2"
"1","  68.2"
"1"," 182.6"
"1","
"
"1","[561]"
"1"," 110.6"
"1","  98.0"
"1"," 278.4"
"1"," 140.2"
"1","  62.0"
"1"," 121.6"
"1","  71.8"
"1"," 115.8"
"1","  79.2"
"1"," 268.6"
"1"," 183.0"
"1"," 109.6"
"1"," 128.2"
"1"," 206.2"
"1","
"
"1","[575]"
"1"," 136.6"
"1"," 150.2"
"1"," 161.6"
"1"," 109.0"
"1"," 115.2"
"1"," 175.2"
"1"," 247.2"
"1","  85.4"
"1"," 105.2"
"1","  74.8"
"1"," 115.0"
"1"," 126.0"
"1","  84.6"
"1"," 158.0"
"1","
"
"1","[589]"
"1","  77.8"
"1","  64.6"
"1"," 118.2"
"1"," 143.8"
"1"," 118.6"
"1"," 112.2"
"1"," 178.2"
"1"," 183.4"
"1"," 108.2"
"1"," 111.2"
"1"," 128.4"
"1","  80.2"
"1"," 129.0"
"1"," 105.0"
"1","
"
"1","[603]"
"1"," 177.6"
"1","  86.2"
"1"," 236.8"
"1","  93.4"
"1","  79.6"
"1"," 206.8"
"1","  81.2"
"1","  92.6"
"1"," 165.2"
"1"," 170.4"
"1","  93.2"
"1","  98.2"
"1"," 148.6"
"1","  70.2"
"1","
"
"1","[617]"
"1"," 144.2"
"1"," 164.6"
"1"," 174.6"
"1","  70.4"
"1","  87.8"
"1"," 124.8"
"1"," 120.8"
"1","  78.8"
"1","  76.6"
"1","  11.9"
"1","   9.5"
"1","  10.5"
"1","   7.1"
"1","   6.5"
"1","
"
"1","[631]"
"1","   6.1"
"1","  34.3"
"1","   3.9"
"1","   6.7"
"1","  12.7"
"1","  14.5"
"1","  29.3"
"1","  23.9"
"1","   8.9"
"1","   9.1"
"1","  13.1"
"1","  10.9"
"1","  18.5"
"1","  65.4"
"1","
"
"1","[645]"
"1","  47.3"
"1","   5.9"
"1","  19.7"
"1","  12.1"
"1","  11.5"
"1","   7.5"
"1","   7.9"
"1","  25.3"
"1","  17.5"
"1","   7.3"
"1","   9.9"
"1","  15.5"
"1","  15.9"
"1","  81.0"
"1","
"
"1","[659]"
"1","  95.8"
"1","  90.4"
"1"," 141.2"
"1"," 162.2"
"1"," 136.4"
"1"," 131.4"
"1"," 132.6"
"1"," 367.6"
"1"," 184.6"
"1"," 182.2"
"1"," 145.2"
"1","  96.8"
"1","  74.6"
"1"," 129.4"
"1","
"
"1","[673]"
"1"," 122.8"
"1"," 109.8"
"1"," 145.6"
"1"," 210.6"
"1"," 117.6"
"1","  69.5"
"1"," 167.0"
"1","  69.0"
"1","
"
"1","[1]"
"1"," ""Unique values in Evaporation:"""
"1","
"
"1","  [1]"
"1","    NA"
"1","  12.0"
"1","  14.8"
"1","  12.6"
"1","  10.8"
"1","  11.4"
"1","  11.2"
"1","  13.0"
"1","   9.8"
"1","  14.6"
"1","  11.0"
"1","  12.8"
"1","  13.8"
"1","  16.4"
"1","
"
"1"," [15]"
"1","  17.4"
"1","  16.0"
"1","  13.6"
"1","   8.0"
"1","   8.2"
"1","   8.6"
"1","  14.2"
"1","  15.8"
"1","  16.2"
"1","  13.4"
"1","  14.4"
"1","  11.8"
"1","  15.6"
"1","  15.2"
"1","
"
"1"," [29]"
"1","  11.6"
"1","   9.6"
"1","   6.6"
"1","   0.6"
"1","   6.0"
"1","   3.0"
"1","   2.0"
"1","   5.2"
"1","   9.0"
"1","  10.2"
"1","  10.0"
"1","   7.4"
"1","   8.4"
"1","   9.2"
"1","
"
"1"," [43]"
"1","   9.4"
"1","  12.4"
"1","  10.4"
"1","   7.2"
"1","   6.8"
"1","   7.6"
"1","   4.4"
"1","   6.4"
"1","   7.8"
"1","   7.0"
"1","   8.8"
"1","   6.2"
"1","   5.8"
"1","   0.2"
"1","
"
"1"," [57]"
"1","   2.4"
"1","   1.8"
"1","   2.2"
"1","   2.8"
"1","   5.0"
"1","   5.6"
"1","   4.8"
"1","   4.2"
"1","   4.0"
"1","   3.2"
"1","   4.6"
"1","   3.4"
"1","   3.6"
"1","   0.0"
"1","
"
"1"," [71]"
"1","   1.4"
"1","   3.8"
"1","   0.8"
"1","   2.6"
"1","   1.6"
"1","   1.2"
"1","   1.0"
"1","   5.4"
"1","  10.6"
"1","  16.8"
"1","  17.0"
"1","  20.2"
"1","  14.0"
"1","  17.2"
"1","
"
"1"," [85]"
"1","  12.2"
"1","  15.0"
"1","  18.2"
"1","  13.2"
"1","   4.1"
"1","   1.7"
"1","   0.4"
"1","   1.9"
"1","  64.8"
"1","  32.0"
"1","  26.2"
"1","  24.6"
"1","  23.3"
"1","  15.4"
"1","
"
"1"," [99]"
"1","  32.6"
"1","  30.4"
"1","  34.4"
"1","  18.0"
"1","  49.4"
"1","  18.8"
"1","  19.0"
"1","  18.4"
"1","   8.1"
"1","   4.9"
"1","  25.2"
"1","  24.0"
"1","  22.4"
"1","  16.6"
"1","
"
"1","[113]"
"1","  48.8"
"1","  56.2"
"1","  37.0"
"1","  52.4"
"1","  17.6"
"1","   6.3"
"1","  20.0"
"1","  21.4"
"1","  25.0"
"1","  17.8"
"1","  25.6"
"1","  18.6"
"1","  21.6"
"1","  35.4"
"1","
"
"1","[127]"
"1","  23.0"
"1","  22.0"
"1","  30.8"
"1","  11.1"
"1","  19.8"
"1","  33.2"
"1","  86.2"
"1","  65.8"
"1","  56.4"
"1","  31.2"
"1","  21.8"
"1","   5.7"
"1","   2.7"
"1","   1.3"
"1","
"
"1","[141]"
"1","   2.5"
"1","   3.3"
"1","   9.9"
"1","   2.3"
"1","   0.7"
"1","   2.1"
"1","   1.1"
"1","   2.9"
"1","   1.5"
"1","   3.1"
"1","   6.1"
"1","  19.6"
"1","   9.7"
"1","  10.5"
"1","
"
"1","[155]"
"1","   5.9"
"1","   9.3"
"1","  20.4"
"1","  12.1"
"1","  30.6"
"1","  24.2"
"1","   0.3"
"1","  47.2"
"1","  19.2"
"1","  38.4"
"1","  34.6"
"1","  23.6"
"1","  44.2"
"1","  32.2"
"1","
"
"1","[169]"
"1","  31.4"
"1","  34.2"
"1","  20.6"
"1","  26.8"
"1","  22.6"
"1","  23.8"
"1","  38.6"
"1","  26.4"
"1","  46.8"
"1","  42.4"
"1","  46.6"
"1","  60.2"
"1","  37.6"
"1","  36.4"
"1","
"
"1","[183]"
"1","  48.4"
"1","  43.6"
"1","  35.0"
"1","  50.4"
"1","  35.8"
"1","  54.0"
"1","  41.2"
"1","  32.8"
"1","  35.6"
"1","  31.0"
"1","  32.4"
"1","  19.4"
"1","  60.8"
"1","  27.4"
"1","
"
"1","[197]"
"1","  43.4"
"1","  27.0"
"1","  36.8"
"1","  25.4"
"1","  57.2"
"1","  28.6"
"1","  33.6"
"1","  37.4"
"1","  23.4"
"1","  43.0"
"1","  36.2"
"1","  31.6"
"1","  39.2"
"1","  25.8"
"1","
"
"1","[211]"
"1","  65.4"
"1","  40.4"
"1","  26.0"
"1","  21.2"
"1","   7.1"
"1","  74.8"
"1","  37.2"
"1","  28.8"
"1","   5.3"
"1","   4.7"
"1","   8.7"
"1","   3.9"
"1","   3.5"
"1","   9.5"
"1","
"
"1","[225]"
"1","   0.9"
"1","  30.2"
"1","  14.7"
"1","  13.1"
"1","   7.5"
"1","   8.3"
"1","   5.1"
"1","   3.7"
"1","   5.5"
"1","  18.1"
"1","   4.3"
"1","  21.0"
"1","  33.8"
"1","   4.5"
"1","
"
"1","[239]"
"1","  20.5"
"1","  11.9"
"1","   6.9"
"1","   7.7"
"1","   9.1"
"1","  10.9"
"1","  19.7"
"1","  10.1"
"1","   6.7"
"1","   0.5"
"1","  13.9"
"1","  12.5"
"1","   0.1"
"1","  14.5"
"1","
"
"1","[253]"
"1","  19.1"
"1","  17.1"
"1","   7.3"
"1","  25.1"
"1","  22.2"
"1","  27.2"
"1","  19.3"
"1","   6.5"
"1","  27.6"
"1","  11.5"
"1","  22.8"
"1","  28.4"
"1","  20.8"
"1","  39.4"
"1","
"
"1","[267]"
"1","  27.8"
"1","  28.2"
"1","  26.6"
"1","  33.0"
"1","  29.8"
"1","  23.2"
"1","  33.4"
"1","  28.0"
"1","  38.0"
"1","  40.0"
"1","  29.2"
"1","  29.4"
"1","  38.8"
"1","  64.4"
"1","
"
"1","[281]"
"1","  30.0"
"1","  24.4"
"1","  24.8"
"1","  55.4"
"1","  59.2"
"1"," 145.0"
"1","  47.0"
"1","   8.9"
"1","  13.5"
"1","   8.5"
"1","  11.3"
"1","  44.0"
"1","   7.9"
"1","  44.4"
"1","
"
"1","[295]"
"1","  22.1"
"1","  36.6"
"1","  36.0"
"1","  34.0"
"1","  14.9"
"1","  42.6"
"1","  14.3"
"1","  10.3"
"1","  11.7"
"1","  10.7"
"1","  81.2"
"1","  63.0"
"1","  70.0"
"1","  54.8"
"1","
"
"1","[309]"
"1","  59.8"
"1","  72.2"
"1","  64.0"
"1","  59.6"
"1","  59.0"
"1","  42.3"
"1","  12.7"
"1","  17.7"
"1","  22.5"
"1","  15.3"
"1","  35.2"
"1","  34.5"
"1","  23.1"
"1","  42.2"
"1","
"
"1","[323]"
"1","  82.4"
"1","  42.0"
"1","  43.2"
"1","  62.0"
"1","  77.3"
"1","  13.3"
"1","  55.2"
"1","  58.0"
"1","  57.6"
"1","  55.6"
"1","  46.2"
"1","  55.0"
"1","  50.8"
"1","  51.0"
"1","
"
"1","[337]"
"1","  68.8"
"1","  51.6"
"1","  58.5"
"1","  55.8"
"1","  53.6"
"1","  25.5"
"1","  56.0"
"1","  48.0"
"1","  70.4"
"1","  59.4"
"1","  56.6"
"1","  14.1"
"1","  12.3"
"1","  15.1"
"1","
"
"1","[351]"
"1","  16.5"
"1","  41.8"
"1","  40.8"
"1","  50.2"
"1","  41.6"
"1","  42.8"
"1","  39.6"
"1","
"
"1","[1]"
"1"," ""Unique values in Sunshine:"""
"1","
"
"1","  [1]"
"1","   NA"
"1"," 12.3"
"1"," 13.0"
"1"," 13.3"
"1"," 10.6"
"1"," 12.2"
"1","  8.4"
"1","  0.0"
"1"," 12.6"
"1"," 13.2"
"1"," 12.7"
"1"," 12.1"
"1"," 10.3"
"1"," 13.1"
"1"," 12.9"
"1"," 11.3"
"1","  6.9"
"1","
"
"1"," [18]"
"1"," 10.9"
"1","  3.7"
"1","  5.9"
"1"," 10.5"
"1"," 12.4"
"1"," 13.4"
"1"," 13.6"
"1","  7.4"
"1"," 10.0"
"1","  2.3"
"1","  6.6"
"1","  0.3"
"1"," 10.7"
"1"," 11.6"
"1"," 10.2"
"1","  9.0"
"1"," 12.0"
"1","
"
"1"," [35]"
"1","  3.0"
"1","  7.9"
"1"," 11.5"
"1"," 11.2"
"1","  4.8"
"1","  5.8"
"1","  6.0"
"1"," 11.1"
"1"," 11.8"
"1"," 11.4"
"1"," 10.8"
"1","  7.8"
"1"," 11.0"
"1","  5.5"
"1","  4.7"
"1","  4.2"
"1","  4.4"
"1","
"
"1"," [52]"
"1","  6.2"
"1","  9.8"
"1","  9.9"
"1","  4.3"
"1","  8.0"
"1","  9.6"
"1"," 10.4"
"1","  9.3"
"1","  8.7"
"1","  7.6"
"1","  7.5"
"1"," 10.1"
"1","  6.3"
"1","  2.8"
"1","  0.7"
"1","  9.4"
"1","  9.7"
"1","
"
"1"," [69]"
"1","  0.6"
"1","  5.1"
"1","  8.3"
"1","  4.1"
"1","  3.9"
"1","  6.8"
"1","  8.6"
"1","  2.7"
"1","  8.2"
"1","  3.1"
"1","  1.8"
"1","  0.1"
"1","  0.8"
"1","  3.4"
"1","  7.1"
"1","  5.0"
"1","  5.7"
"1","
"
"1"," [86]"
"1","  6.1"
"1","  7.0"
"1","  2.9"
"1","  2.5"
"1","  4.6"
"1","  8.9"
"1","  9.1"
"1","  1.7"
"1","  8.1"
"1","  9.5"
"1","  1.2"
"1","  1.4"
"1","  8.8"
"1","  2.2"
"1","  3.5"
"1","  9.2"
"1","  1.9"
"1","
"
"1","[103]"
"1"," 11.7"
"1"," 11.9"
"1","  7.7"
"1","  0.9"
"1"," 12.5"
"1","  2.1"
"1"," 12.8"
"1"," 13.7"
"1","  8.5"
"1","  0.2"
"1","  4.0"
"1","  2.4"
"1","  5.2"
"1","  0.5"
"1","  6.4"
"1","  4.5"
"1","  1.1"
"1","
"
"1","[120]"
"1","  2.0"
"1","  0.4"
"1","  1.5"
"1","  3.3"
"1","  6.5"
"1","  2.6"
"1","  3.8"
"1","  3.6"
"1","  3.2"
"1","  6.7"
"1","  5.4"
"1","  7.2"
"1","  4.9"
"1","  1.0"
"1","  1.6"
"1","  5.3"
"1","  7.3"
"1","
"
"1","[137]"
"1","  5.6"
"1","  1.3"
"1"," 13.8"
"1"," 13.5"
"1"," 14.0"
"1"," 13.9"
"1"," 14.1"
"1"," 14.5"
"1"," 14.3"
"1"," 14.2"
"1","
"
"1","[1]"
"1"," ""Unique values in WindGustDir:"""
"1","
"
"1"," [1]"
"1"," W   "
"1"," WNW "
"1"," WSW "
"1"," NE  "
"1"," NNW "
"1"," N   "
"1"," NNE "
"1"," SW  "
"1"," ENE "
"1"," SSE "
"1"," S   "
"1"," NW  "
"1"," SE  "
"1"," ESE "
"1"," <NA>"
"1"," E   "
"1"," SSW "
"1","
"
"1",""
"1","Levels: "
"1",""
"1","E ENE ESE N NE NNE NNW NW S SE SSE SSW SW W WNW WSW"
"1",""
"1","
"
"1","[1]"
"1"," ""Unique values in WindGustSpeed:"""
"1","
"
"1"," [1]"
"1","  44"
"1","  46"
"1","  24"
"1","  41"
"1","  56"
"1","  50"
"1","  35"
"1","  80"
"1","  28"
"1","  30"
"1","  31"
"1","  61"
"1","  22"
"1","  63"
"1","  43"
"1","  26"
"1","  33"
"1","  57"
"1","  48"
"1","  39"
"1","  37"
"1","  52"
"1","
"
"1","[23]"
"1","  98"
"1","  54"
"1","  83"
"1","  NA"
"1","  59"
"1","  70"
"1","  69"
"1","  17"
"1","  20"
"1","  19"
"1","  15"
"1","  13"
"1","  11"
"1","  72"
"1","  85"
"1","  65"
"1","  78"
"1"," 107"
"1","  74"
"1","  67"
"1","  94"
"1","  76"
"1","
"
"1","[45]"
"1","  81"
"1","  87"
"1","   9"
"1","   7"
"1","  89"
"1","  91"
"1","  93"
"1"," 102"
"1"," 100"
"1"," 113"
"1"," 117"
"1","  96"
"1"," 111"
"1"," 106"
"1"," 135"
"1"," 104"
"1"," 120"
"1"," 115"
"1"," 126"
"1"," 109"
"1"," 122"
"1"," 124"
"1","
"
"1","[67]"
"1"," 130"
"1","   6"
"1","
"
"1","[1]"
"1"," ""Unique values in WindDir9am:"""
"1","
"
"1"," [1]"
"1"," W   "
"1"," NNW "
"1"," SE  "
"1"," ENE "
"1"," SW  "
"1"," SSE "
"1"," S   "
"1"," NE  "
"1"," <NA>"
"1"," SSW "
"1"," N   "
"1"," WSW "
"1"," ESE "
"1"," E   "
"1"," NW  "
"1"," WNW "
"1"," NNE "
"1","
"
"1",""
"1","Levels: "
"1",""
"1","E ENE ESE N NE NNE NNW NW S SE SSE SSW SW W WNW WSW"
"1",""
"1","
"
"1","[1]"
"1"," ""Unique values in WindDir3pm:"""
"1","
"
"1"," [1]"
"1"," WNW "
"1"," WSW "
"1"," E   "
"1"," NW  "
"1"," W   "
"1"," SSE "
"1"," ESE "
"1"," ENE "
"1"," NNW "
"1"," SSW "
"1"," SW  "
"1"," SE  "
"1"," N   "
"1"," S   "
"1"," NNE "
"1"," <NA>"
"1"," NE  "
"1","
"
"1",""
"1","Levels: "
"1",""
"1","E ENE ESE N NE NNE NNW NW S SE SSE SSW SW W WNW WSW"
"1",""
"1","
"
"1","[1]"
"1"," ""Unique values in WindSpeed9am:"""
"1","
"
"1"," [1]"
"1","  20"
"1","   4"
"1","  19"
"1","  11"
"1","   7"
"1","   6"
"1","  15"
"1","  17"
"1","  28"
"1","  24"
"1","  NA"
"1","   9"
"1","   0"
"1","  13"
"1","   2"
"1","  26"
"1","  30"
"1","  22"
"1","  35"
"1","  37"
"1","  31"
"1","  33"
"1","
"
"1","[23]"
"1","  48"
"1","  39"
"1","  44"
"1","  41"
"1","  46"
"1","  43"
"1","  56"
"1","  83"
"1","  74"
"1","  52"
"1","  65"
"1","  50"
"1"," 130"
"1","  54"
"1","  61"
"1","  57"
"1","  59"
"1","  87"
"1","  67"
"1","  63"
"1","  69"
"1","  72"
"1","
"
"1","[1]"
"1"," ""Unique values in WindSpeed3pm:"""
"1","
"
"1"," [1]"
"1"," 24"
"1"," 22"
"1"," 26"
"1","  9"
"1"," 20"
"1"," 17"
"1"," 28"
"1"," 11"
"1","  6"
"1"," 13"
"1"," 19"
"1"," 30"
"1"," 31"
"1","  7"
"1"," 15"
"1"," 48"
"1","  4"
"1"," 33"
"1","  0"
"1","  2"
"1"," NA"
"1"," 37"
"1"," 46"
"1"," 39"
"1"," 50"
"1"," 35"
"1"," 44"
"1"," 41"
"1"," 43"
"1","
"
"1","[30]"
"1"," 56"
"1"," 61"
"1"," 54"
"1"," 52"
"1"," 83"
"1"," 65"
"1"," 78"
"1"," 57"
"1"," 63"
"1"," 59"
"1"," 74"
"1"," 72"
"1"," 69"
"1"," 76"
"1"," 87"
"1"," 67"
"1","
"
"1","[1]"
"1"," ""Unique values in Humidity9am:"""
"1","
"
"1","  [1]"
"1","  71"
"1","  44"
"1","  38"
"1","  45"
"1","  82"
"1","  55"
"1","  49"
"1","  48"
"1","  42"
"1","  58"
"1","  89"
"1","  76"
"1","  65"
"1","  50"
"1","  69"
"1","  80"
"1","  47"
"1","  56"
"1","  54"
"1","  41"
"1","  78"
"1","  46"
"1","
"
"1"," [23]"
"1","  43"
"1","  33"
"1","  34"
"1","  36"
"1","  52"
"1","  51"
"1","  40"
"1","  35"
"1","  39"
"1","  60"
"1","  37"
"1","  27"
"1","  32"
"1","  53"
"1","  20"
"1","  66"
"1","  63"
"1","  57"
"1","  62"
"1","  87"
"1","  61"
"1","  59"
"1","
"
"1"," [45]"
"1","  92"
"1","  72"
"1","  67"
"1","  75"
"1","  88"
"1","  68"
"1","  73"
"1","  74"
"1","  83"
"1","  77"
"1","  70"
"1","  81"
"1","  86"
"1","  97"
"1","  99"
"1","  91"
"1","  85"
"1","  93"
"1","  84"
"1","  94"
"1","  79"
"1","  98"
"1","
"
"1"," [67]"
"1","  96"
"1","  95"
"1","  90"
"1","  64"
"1","  29"
"1","  21"
"1"," 100"
"1","  24"
"1","  NA"
"1","  25"
"1","  31"
"1","  18"
"1","  23"
"1","  26"
"1","  28"
"1","  30"
"1","  19"
"1","  22"
"1","  17"
"1","  15"
"1","   9"
"1","  12"
"1","
"
"1"," [89]"
"1","  13"
"1","  16"
"1","   6"
"1","  10"
"1","  14"
"1","  11"
"1","   7"
"1","   8"
"1","   5"
"1","   3"
"1","   2"
"1","   4"
"1","   0"
"1","   1"
"1","
"
"1","[1]"
"1"," ""Unique values in Humidity3pm:"""
"1","
"
"1","  [1]"
"1","  22"
"1","  25"
"1","  30"
"1","  16"
"1","  33"
"1","  23"
"1","  19"
"1","   9"
"1","  27"
"1","  91"
"1","  93"
"1","  43"
"1","  28"
"1","  82"
"1","  65"
"1","  32"
"1","  26"
"1","  24"
"1","  17"
"1","  15"
"1","  70"
"1","  12"
"1","
"
"1"," [23]"
"1","   8"
"1","  31"
"1","  20"
"1","  10"
"1","  21"
"1","  39"
"1","  13"
"1","  11"
"1","  69"
"1","  18"
"1","  14"
"1","  35"
"1","  90"
"1","  68"
"1","  74"
"1","  41"
"1","  34"
"1","  78"
"1","  49"
"1","  37"
"1","  42"
"1","  47"
"1","
"
"1"," [45]"
"1","  52"
"1","  29"
"1","  86"
"1","  89"
"1","  62"
"1","  79"
"1","  48"
"1","  46"
"1","  38"
"1","  44"
"1","  51"
"1","  36"
"1","  45"
"1","  40"
"1","  53"
"1","  61"
"1","  59"
"1","  63"
"1","  54"
"1","  57"
"1","  50"
"1","  58"
"1","
"
"1"," [67]"
"1","  75"
"1","  97"
"1","  80"
"1","  95"
"1","  56"
"1","  72"
"1","  60"
"1","  71"
"1","  73"
"1","  81"
"1","  76"
"1","  64"
"1","  87"
"1","  85"
"1","  67"
"1","  55"
"1","  77"
"1","  84"
"1","   7"
"1","  99"
"1","  92"
"1","  66"
"1","
"
"1"," [89]"
"1","  83"
"1","  94"
"1","  96"
"1","  88"
"1","  NA"
"1"," 100"
"1","  98"
"1","   5"
"1","   6"
"1","   1"
"1","   4"
"1","   2"
"1","   3"
"1","   0"
"1","
"
"1","[1]"
"1"," ""Unique values in Pressure9am:"""
"1","
"
"1","  [1]"
"1"," 1007.7"
"1"," 1010.6"
"1"," 1007.6"
"1"," 1017.6"
"1"," 1010.8"
"1"," 1009.2"
"1"," 1009.6"
"1"," 1013.4"
"1"," 1008.9"
"1"," 1007.0"
"1"," 1011.8"
"1"," 1010.5"
"1","
"
"1"," [13]"
"1","  994.3"
"1"," 1001.2"
"1"," 1012.2"
"1"," 1005.8"
"1"," 1009.4"
"1"," 1019.2"
"1"," 1019.3"
"1"," 1013.6"
"1"," 1007.8"
"1"," 1011.0"
"1"," 1012.9"
"1"," 1010.9"
"1","
"
"1"," [25]"
"1"," 1006.8"
"1"," 1005.2"
"1"," 1004.8"
"1"," 1005.6"
"1"," 1006.1"
"1"," 1004.5"
"1"," 1014.4"
"1"," 1018.7"
"1"," 1015.1"
"1"," 1012.6"
"1"," 1011.9"
"1"," 1017.8"
"1","
"
"1"," [37]"
"1"," 1009.9"
"1"," 1014.1"
"1"," 1015.7"
"1"," 1011.6"
"1"," 1008.4"
"1"," 1019.7"
"1"," 1015.8"
"1"," 1010.1"
"1"," 1005.3"
"1"," 1007.9"
"1"," 1005.4"
"1"," 1016.5"
"1","
"
"1"," [49]"
"1"," 1017.7"
"1"," 1014.9"
"1"," 1014.6"
"1"," 1014.2"
"1"," 1012.5"
"1"," 1011.7"
"1"," 1008.8"
"1"," 1005.9"
"1"," 1008.0"
"1"," 1008.2"
"1"," 1009.3"
"1"," 1012.8"
"1","
"
"1"," [61]"
"1"," 1017.0"
"1"," 1023.3"
"1"," 1022.5"
"1"," 1016.2"
"1"," 1017.2"
"1"," 1012.4"
"1"," 1015.6"
"1"," 1013.0"
"1"," 1014.0"
"1"," 1016.6"
"1"," 1007.5"
"1"," 1014.7"
"1","
"
"1"," [73]"
"1"," 1014.5"
"1"," 1013.7"
"1"," 1015.2"
"1"," 1019.5"
"1"," 1021.3"
"1"," 1017.4"
"1"," 1012.7"
"1"," 1013.3"
"1"," 1016.3"
"1"," 1014.8"
"1"," 1019.1"
"1"," 1023.0"
"1","
"
"1"," [85]"
"1"," 1023.8"
"1"," 1022.4"
"1"," 1023.2"
"1"," 1022.6"
"1"," 1018.8"
"1"," 1019.8"
"1"," 1020.4"
"1"," 1021.8"
"1"," 1026.7"
"1"," 1027.1"
"1"," 1024.2"
"1"," 1021.5"
"1","
"
"1"," [97]"
"1"," 1024.4"
"1"," 1024.1"
"1"," 1018.5"
"1"," 1022.8"
"1"," 1022.7"
"1"," 1023.6"
"1"," 1025.2"
"1"," 1026.0"
"1"," 1004.0"
"1"," 1013.8"
"1"," 1018.0"
"1"," 1023.1"
"1","
"
"1","[109]"
"1"," 1023.4"
"1"," 1026.9"
"1"," 1028.7"
"1"," 1029.8"
"1"," 1031.4"
"1"," 1028.5"
"1"," 1026.2"
"1"," 1028.8"
"1"," 1025.1"
"1"," 1025.6"
"1"," 1022.3"
"1"," 1018.4"
"1","
"
"1","[121]"
"1"," 1015.3"
"1"," 1015.0"
"1"," 1024.7"
"1"," 1022.2"
"1"," 1025.0"
"1"," 1024.6"
"1"," 1021.4"
"1"," 1021.7"
"1"," 1030.3"
"1"," 1034.1"
"1"," 1031.9"
"1"," 1029.3"
"1","
"
"1","[133]"
"1"," 1023.5"
"1"," 1021.0"
"1"," 1017.9"
"1"," 1011.1"
"1"," 1025.7"
"1"," 1018.3"
"1"," 1013.9"
"1"," 1029.7"
"1"," 1031.6"
"1"," 1030.8"
"1"," 1021.9"
"1"," 1020.7"
"1","
"
"1","[145]"
"1"," 1020.2"
"1"," 1015.5"
"1"," 1011.4"
"1"," 1006.5"
"1"," 1008.6"
"1"," 1019.9"
"1"," 1030.4"
"1"," 1032.0"
"1"," 1020.5"
"1"," 1010.4"
"1"," 1006.6"
"1"," 1021.6"
"1","
"
"1","[157]"
"1"," 1009.5"
"1"," 1027.3"
"1"," 1026.8"
"1"," 1024.0"
"1"," 1025.8"
"1"," 1027.9"
"1"," 1026.4"
"1"," 1018.6"
"1"," 1009.0"
"1"," 1011.5"
"1"," 1021.1"
"1"," 1021.2"
"1","
"
"1","[169]"
"1"," 1018.2"
"1"," 1027.7"
"1"," 1012.0"
"1"," 1004.1"
"1"," 1016.1"
"1"," 1016.9"
"1"," 1002.6"
"1"," 1018.9"
"1"," 1024.9"
"1"," 1005.0"
"1"," 1020.0"
"1","  997.8"
"1","
"
"1","[181]"
"1"," 1009.8"
"1"," 1012.3"
"1"," 1020.6"
"1"," 1029.5"
"1"," 1001.9"
"1"," 1000.5"
"1"," 1008.5"
"1"," 1016.0"
"1"," 1026.6"
"1"," 1022.9"
"1"," 1020.8"
"1"," 1019.6"
"1","
"
"1","[193]"
"1"," 1027.5"
"1"," 1025.4"
"1"," 1017.1"
"1"," 1029.1"
"1"," 1010.0"
"1"," 1003.7"
"1"," 1010.7"
"1"," 1010.3"
"1"," 1022.0"
"1"," 1015.9"
"1"," 1006.9"
"1"," 1019.4"
"1","
"
"1","[205]"
"1"," 1018.1"
"1"," 1013.5"
"1"," 1016.8"
"1"," 1017.5"
"1"," 1015.4"
"1"," 1006.7"
"1"," 1013.2"
"1"," 1016.4"
"1"," 1017.3"
"1"," 1020.3"
"1"," 1023.9"
"1"," 1016.7"
"1","
"
"1","[217]"
"1"," 1008.7"
"1"," 1036.3"
"1"," 1035.2"
"1"," 1030.0"
"1"," 1025.5"
"1"," 1022.1"
"1"," 1026.5"
"1"," 1027.8"
"1"," 1020.9"
"1"," 1023.7"
"1"," 1005.7"
"1"," 1004.7"
"1","
"
"1","[229]"
"1"," 1031.8"
"1"," 1032.3"
"1"," 1027.4"
"1"," 1027.2"
"1"," 1034.5"
"1"," 1037.3"
"1"," 1036.9"
"1"," 1030.1"
"1"," 1024.3"
"1"," 1027.6"
"1"," 1030.5"
"1"," 1032.5"
"1","
"
"1","[241]"
"1"," 1030.9"
"1"," 1029.2"
"1"," 1032.7"
"1"," 1035.5"
"1"," 1032.1"
"1"," 1031.7"
"1"," 1035.9"
"1"," 1036.1"
"1"," 1024.5"
"1"," 1006.2"
"1"," 1003.1"
"1"," 1029.6"
"1","
"
"1","[253]"
"1"," 1028.9"
"1"," 1024.8"
"1"," 1026.1"
"1"," 1026.3"
"1"," 1028.2"
"1"," 1028.4"
"1"," 1025.3"
"1"," 1029.4"
"1","  989.8"
"1"," 1004.6"
"1"," 1011.3"
"1"," 1014.3"
"1","
"
"1","[265]"
"1"," 1012.1"
"1"," 1009.1"
"1"," 1002.4"
"1","  998.8"
"1"," 1002.3"
"1"," 1006.0"
"1"," 1009.7"
"1"," 1004.4"
"1"," 1007.4"
"1"," 1002.5"
"1"," 1019.0"
"1"," 1020.1"
"1","
"
"1","[277]"
"1"," 1001.4"
"1"," 1031.5"
"1"," 1033.0"
"1"," 1002.9"
"1"," 1025.9"
"1"," 1028.0"
"1"," 1027.0"
"1"," 1002.0"
"1"," 1028.3"
"1"," 1031.0"
"1"," 1035.7"
"1"," 1037.4"
"1","
"
"1","[289]"
"1"," 1038.9"
"1"," 1033.6"
"1"," 1036.6"
"1"," 1031.3"
"1"," 1010.2"
"1"," 1039.9"
"1"," 1013.1"
"1","  996.3"
"1"," 1032.4"
"1"," 1033.4"
"1"," 1011.2"
"1"," 1004.3"
"1","
"
"1","[301]"
"1"," 1007.2"
"1"," 1006.3"
"1","  995.3"
"1"," 1000.9"
"1"," 1005.5"
"1"," 1030.2"
"1"," 1035.1"
"1"," 1033.8"
"1"," 1036.5"
"1"," 1034.4"
"1"," 1003.3"
"1"," 1031.1"
"1","
"
"1","[313]"
"1"," 1031.2"
"1"," 1029.0"
"1"," 1028.6"
"1"," 1033.1"
"1"," 1033.2"
"1"," 1007.3"
"1"," 1000.8"
"1","  999.9"
"1"," 1007.1"
"1"," 1028.1"
"1"," 1033.7"
"1"," 1030.7"
"1","
"
"1","[325]"
"1"," 1033.3"
"1"," 1008.1"
"1"," 1002.2"
"1"," 1003.0"
"1"," 1006.4"
"1"," 1008.3"
"1","  998.9"
"1"," 1000.7"
"1","  998.4"
"1"," 1033.5"
"1"," 1004.9"
"1"," 1003.2"
"1","
"
"1","[337]"
"1"," 1034.0"
"1"," 1035.6"
"1"," 1035.0"
"1"," 1032.2"
"1"," 1032.6"
"1"," 1000.4"
"1"," 1029.9"
"1"," 1037.8"
"1"," 1034.3"
"1"," 1034.7"
"1"," 1035.3"
"1"," 1036.0"
"1","
"
"1","[349]"
"1"," 1003.9"
"1"," 1032.8"
"1"," 1004.2"
"1"," 1002.8"
"1","  996.0"
"1"," 1003.4"
"1"," 1037.5"
"1"," 1038.2"
"1"," 1034.8"
"1"," 1000.1"
"1"," 1032.9"
"1"," 1033.9"
"1","
"
"1","[361]"
"1"," 1003.6"
"1","  993.7"
"1","  992.9"
"1"," 1000.3"
"1"," 1001.3"
"1","  999.4"
"1"," 1005.1"
"1","  996.6"
"1"," 1036.8"
"1"," 1030.6"
"1","  997.6"
"1"," 1001.7"
"1","
"
"1","[373]"
"1"," 1001.0"
"1","     NA"
"1"," 1036.2"
"1"," 1035.4"
"1"," 1037.6"
"1"," 1038.0"
"1"," 1003.5"
"1"," 1001.5"
"1"," 1038.6"
"1","  997.4"
"1"," 1034.2"
"1"," 1003.8"
"1","
"
"1","[385]"
"1","  997.3"
"1","  999.3"
"1","  996.8"
"1"," 1037.0"
"1"," 1034.9"
"1"," 1039.2"
"1","  998.5"
"1","  998.6"
"1","  991.7"
"1"," 1001.1"
"1"," 1002.1"
"1"," 1035.8"
"1","
"
"1","[397]"
"1"," 1002.7"
"1","  998.3"
"1","  999.7"
"1","  999.0"
"1"," 1037.1"
"1"," 1001.6"
"1","  996.5"
"1","  997.2"
"1","  999.6"
"1"," 1038.3"
"1"," 1038.4"
"1"," 1000.6"
"1","
"
"1","[409]"
"1","  999.2"
"1","  980.5"
"1"," 1000.2"
"1","  994.9"
"1","  999.8"
"1"," 1001.8"
"1","  994.6"
"1"," 1037.9"
"1"," 1038.7"
"1","  998.0"
"1","  999.1"
"1","  997.0"
"1","
"
"1","[421]"
"1"," 1034.6"
"1"," 1038.8"
"1"," 1039.1"
"1","  990.2"
"1","  986.7"
"1","  995.0"
"1"," 1036.7"
"1","  996.7"
"1","  999.5"
"1"," 1039.0"
"1","  998.1"
"1"," 1038.1"
"1","
"
"1","[433]"
"1","  997.7"
"1","  991.5"
"1"," 1039.6"
"1","  998.7"
"1"," 1000.0"
"1"," 1037.7"
"1","  994.5"
"1","  994.8"
"1","  994.0"
"1","  996.1"
"1","  994.7"
"1","  997.1"
"1","
"
"1","[445]"
"1"," 1037.2"
"1"," 1036.4"
"1","  998.2"
"1","  987.4"
"1","  993.9"
"1","  996.9"
"1"," 1039.3"
"1"," 1039.5"
"1","  995.2"
"1"," 1040.1"
"1"," 1040.2"
"1"," 1040.6"
"1","
"
"1","[457]"
"1","  996.4"
"1"," 1040.3"
"1","  995.7"
"1","  995.4"
"1","  992.8"
"1","  996.2"
"1","  994.2"
"1"," 1039.4"
"1","  995.9"
"1","  995.8"
"1","  997.9"
"1","  990.5"
"1","
"
"1","[469]"
"1","  993.3"
"1","  989.4"
"1","  992.0"
"1","  995.1"
"1","  992.5"
"1","  989.5"
"1","  991.2"
"1","  991.4"
"1","  992.1"
"1","  997.5"
"1","  993.0"
"1","  992.7"
"1","
"
"1","[481]"
"1","  989.3"
"1","  991.6"
"1","  993.8"
"1","  993.4"
"1","  995.5"
"1","  989.7"
"1","  993.6"
"1","  988.9"
"1","  992.4"
"1","  991.8"
"1","  993.5"
"1","  994.1"
"1","
"
"1","[493]"
"1","  991.3"
"1"," 1038.5"
"1","  986.9"
"1","  990.3"
"1","  995.6"
"1","  993.2"
"1","  990.9"
"1","  994.4"
"1","  990.8"
"1","  991.1"
"1","  992.6"
"1","  986.2"
"1","
"
"1","[505]"
"1","  982.3"
"1","  989.6"
"1","  985.1"
"1","  982.0"
"1","  989.2"
"1"," 1040.9"
"1","  992.3"
"1"," 1041.0"
"1"," 1040.4"
"1","  989.0"
"1","  988.3"
"1","  986.3"
"1","
"
"1","[517]"
"1","  988.0"
"1","  984.6"
"1","  992.2"
"1","  987.2"
"1","  982.9"
"1","  988.5"
"1","  989.1"
"1","  988.8"
"1","  987.0"
"1","  993.1"
"1"," 1040.0"
"1","  991.9"
"1","
"
"1","[529]"
"1","  983.7"
"1","  985.8"
"1","  985.9"
"1","  987.3"
"1","  991.0"
"1","  987.1"
"1","  990.4"
"1","  986.6"
"1","  988.1"
"1","  988.2"
"1","  989.9"
"1","  982.2"
"1","
"
"1","[541]"
"1","  984.4"
"1","  983.9"
"1","  985.0"
"1"," 1040.5"
"1"," 1039.7"
"1","  987.9"
"1","  990.6"
"1","
"
"1","[1]"
"1"," ""Unique values in Pressure3pm:"""
"1","
"
"1","  [1]"
"1"," 1007.100"
"1"," 1007.800"
"1"," 1008.700"
"1"," 1012.800"
"1"," 1006.000"
"1"," 1005.400"
"1"," 1008.200"
"1"," 1010.100"
"1"," 1003.600"
"1","
"
"1"," [10]"
"1"," 1005.700"
"1"," 1004.200"
"1","  993.000"
"1"," 1001.800"
"1"," 1010.300"
"1"," 1010.400"
"1"," 1002.200"
"1"," 1009.700"
"1"," 1017.100"
"1","
"
"1"," [19]"
"1"," 1014.800"
"1"," 1008.100"
"1"," 1007.600"
"1"," 1001.700"
"1"," 1003.400"
"1"," 1005.100"
"1"," 1003.200"
"1"," 1013.100"
"1"," 1009.200"
"1","
"
"1"," [28]"
"1"," 1006.700"
"1"," 1002.700"
"1"," 1010.900"
"1"," 1013.700"
"1"," 1006.800"
"1"," 1012.100"
"1"," 1006.900"
"1"," 1012.700"
"1"," 1017.400"
"1","
"
"1"," [37]"
"1"," 1016.200"
"1"," 1010.600"
"1"," 1004.800"
"1"," 1005.900"
"1","  997.800"
"1"," 1003.900"
"1"," 1014.600"
"1"," 1014.100"
"1"," 1011.600"
"1","
"
"1"," [46]"
"1"," 1011.800"
"1"," 1010.200"
"1"," 1010.500"
"1"," 1007.400"
"1"," 1004.700"
"1"," 1002.600"
"1"," 1005.000"
"1"," 1003.800"
"1"," 1006.500"
"1","
"
"1"," [55]"
"1"," 1008.500"
"1"," 1011.100"
"1"," 1017.300"
"1"," 1019.700"
"1"," 1016.400"
"1"," 1013.800"
"1"," 1013.500"
"1"," 1007.500"
"1"," 1004.500"
"1","
"
"1"," [64]"
"1"," 1010.800"
"1"," 1012.400"
"1"," 1013.400"
"1"," 1015.000"
"1"," 1012.600"
"1"," 1004.600"
"1"," 1009.000"
"1"," 1012.000"
"1"," 1014.700"
"1","
"
"1"," [73]"
"1"," 1015.900"
"1"," 1018.000"
"1"," 1018.900"
"1"," 1008.000"
"1"," 1013.200"
"1"," 1013.900"
"1"," 1013.600"
"1"," 1014.400"
"1"," 1019.200"
"1","
"
"1"," [82]"
"1"," 1017.200"
"1"," 1020.700"
"1"," 1020.600"
"1"," 1019.100"
"1"," 1019.500"
"1"," 1019.400"
"1"," 1018.400"
"1"," 1012.900"
"1"," 1019.300"
"1","
"
"1"," [91]"
"1"," 1016.500"
"1"," 1019.600"
"1"," 1023.500"
"1"," 1023.400"
"1"," 1017.700"
"1"," 1020.300"
"1"," 1020.800"
"1"," 1018.700"
"1"," 1009.800"
"1","
"
"1","[100]"
"1"," 1016.800"
"1"," 1020.000"
"1"," 1020.900"
"1"," 1021.600"
"1"," 1015.700"
"1"," 1002.400"
"1"," 1000.900"
"1"," 1003.300"
"1"," 1018.300"
"1","
"
"1","[109]"
"1"," 1021.500"
"1"," 1023.200"
"1"," 1024.000"
"1"," 1025.900"
"1"," 1027.300"
"1"," 1028.100"
"1"," 1024.600"
"1"," 1023.600"
"1"," 1025.800"
"1","
"
"1","[118]"
"1"," 1021.800"
"1"," 1022.300"
"1"," 1022.200"
"1"," 1018.500"
"1"," 1011.000"
"1"," 1021.200"
"1"," 1019.900"
"1"," 1020.500"
"1"," 1021.400"
"1","
"
"1","[127]"
"1"," 1022.100"
"1"," 1028.500"
"1"," 1029.900"
"1"," 1029.200"
"1"," 1026.200"
"1"," 1020.400"
"1"," 1017.500"
"1"," 1015.100"
"1"," 1006.300"
"1","
"
"1","[136]"
"1"," 1008.300"
"1"," 1023.000"
"1"," 1013.000"
"1"," 1009.300"
"1"," 1027.700"
"1"," 1028.600"
"1"," 1027.100"
"1"," 1018.600"
"1"," 1005.500"
"1","
"
"1","[145]"
"1"," 1006.600"
"1"," 1009.400"
"1"," 1001.000"
"1"," 1005.200"
"1"," 1009.600"
"1"," 1014.900"
"1"," 1019.000"
"1"," 1023.800"
"1"," 1015.600"
"1","
"
"1","[154]"
"1"," 1007.700"
"1"," 1005.800"
"1"," 1009.900"
"1"," 1014.500"
"1"," 1019.800"
"1"," 1006.200"
"1"," 1025.400"
"1"," 1022.700"
"1"," 1023.100"
"1","
"
"1","[163]"
"1"," 1025.300"
"1"," 1024.800"
"1"," 1022.900"
"1"," 1020.200"
"1"," 1016.700"
"1"," 1008.600"
"1"," 1010.000"
"1"," 1015.300"
"1"," 1006.400"
"1","
"
"1","[172]"
"1"," 1027.200"
"1"," 1022.500"
"1"," 1014.300"
"1"," 1013.300"
"1","  996.900"
"1"," 1015.200"
"1"," 1021.700"
"1"," 1012.300"
"1"," 1017.900"
"1","
"
"1","[181]"
"1"," 1011.400"
"1"," 1011.300"
"1"," 1018.200"
"1"," 1015.400"
"1"," 1012.200"
"1"," 1011.900"
"1","  999.200"
"1"," 1002.900"
"1"," 1008.400"
"1","
"
"1","[190]"
"1"," 1008.800"
"1"," 1004.900"
"1"," 1025.700"
"1"," 1016.900"
"1","  999.400"
"1","  997.600"
"1"," 1024.700"
"1"," 1023.700"
"1"," 1017.600"
"1","
"
"1","[199]"
"1"," 1022.000"
"1"," 1015.800"
"1"," 1017.800"
"1"," 1011.200"
"1"," 1002.300"
"1"," 1003.500"
"1"," 1016.000"
"1"," 1016.300"
"1"," 1016.100"
"1","
"
"1","[208]"
"1"," 1014.200"
"1"," 1007.300"
"1"," 1017.000"
"1"," 1012.500"
"1"," 1011.500"
"1"," 1009.100"
"1"," 1004.100"
"1"," 1007.000"
"1"," 1003.700"
"1","
"
"1","[217]"
"1"," 1007.900"
"1"," 1011.700"
"1"," 1021.300"
"1"," 1030.200"
"1"," 1033.600"
"1"," 1031.400"
"1"," 1026.000"
"1"," 1021.000"
"1"," 1023.300"
"1","
"
"1","[226]"
"1"," 1018.800"
"1"," 1018.100"
"1"," 1021.100"
"1"," 1020.100"
"1"," 1024.400"
"1"," 1021.900"
"1"," 1014.000"
"1"," 1024.100"
"1"," 1024.300"
"1","
"
"1","[235]"
"1"," 1015.500"
"1"," 1002.800"
"1"," 1030.700"
"1"," 1032.000"
"1"," 1028.300"
"1"," 1026.700"
"1"," 1033.800"
"1"," 1035.200"
"1"," 1032.900"
"1","
"
"1","[244]"
"1"," 1029.800"
"1"," 1029.000"
"1"," 1022.800"
"1"," 1025.100"
"1"," 1026.600"
"1"," 1008.900"
"1"," 1026.300"
"1"," 1028.900"
"1"," 1029.100"
"1","
"
"1","[253]"
"1"," 1034.100"
"1"," 1031.500"
"1"," 1000.100"
"1"," 1004.400"
"1"," 1025.200"
"1","  999.000"
"1"," 1022.600"
"1"," 1025.000"
"1"," 1023.900"
"1","
"
"1","[262]"
"1","  982.900"
"1"," 1007.200"
"1"," 1002.100"
"1","  994.300"
"1"," 1004.300"
"1"," 1000.500"
"1"," 1010.700"
"1"," 1009.500"
"1"," 1006.100"
"1","
"
"1","[271]"
"1"," 1001.500"
"1"," 1016.600"
"1"," 1002.500"
"1"," 1000.300"
"1"," 1005.300"
"1"," 1030.500"
"1"," 1028.800"
"1"," 1024.900"
"1"," 1024.500"
"1","
"
"1","[280]"
"1"," 1027.800"
"1"," 1028.700"
"1"," 1032.600"
"1"," 1035.100"
"1"," 1034.200"
"1"," 1029.700"
"1"," 1033.300"
"1"," 1027.600"
"1"," 1030.400"
"1","
"
"1","[289]"
"1"," 1034.600"
"1"," 1036.000"
"1","  996.200"
"1"," 1030.900"
"1"," 1026.100"
"1","       NA"
"1"," 1000.700"
"1","  995.400"
"1"," 1002.000"
"1","
"
"1","[298]"
"1","  995.700"
"1"," 1001.900"
"1"," 1031.000"
"1"," 1031.100"
"1"," 1031.900"
"1"," 1032.500"
"1"," 1025.500"
"1"," 1028.400"
"1"," 1033.200"
"1","
"
"1","[307]"
"1"," 1024.200"
"1"," 1030.300"
"1"," 1030.000"
"1"," 1001.300"
"1"," 1000.800"
"1"," 1001.600"
"1"," 1026.900"
"1","  997.200"
"1","  998.500"
"1","
"
"1","[316]"
"1"," 1026.800"
"1"," 1027.900"
"1"," 1028.200"
"1"," 1029.300"
"1"," 1022.400"
"1"," 1027.400"
"1"," 1029.400"
"1","  999.600"
"1"," 1001.400"
"1","
"
"1","[325]"
"1","  999.100"
"1","  994.800"
"1"," 1001.200"
"1","  998.400"
"1"," 1025.600"
"1"," 1026.500"
"1"," 1003.000"
"1","  998.900"
"1","  998.800"
"1","
"
"1","[334]"
"1"," 1026.400"
"1"," 1027.500"
"1"," 1030.100"
"1"," 1032.300"
"1"," 1032.800"
"1"," 1005.600"
"1","  998.700"
"1"," 1000.200"
"1"," 1033.500"
"1","
"
"1","[343]"
"1"," 1032.200"
"1"," 1030.600"
"1"," 1031.700"
"1"," 1028.000"
"1"," 1032.100"
"1"," 1031.200"
"1"," 1029.500"
"1"," 1004.000"
"1"," 1036.100"
"1","
"
"1","[352]"
"1","  999.500"
"1","  993.100"
"1","  998.100"
"1","  997.500"
"1"," 1000.000"
"1","  995.900"
"1"," 1034.300"
"1"," 1033.700"
"1"," 1031.300"
"1","
"
"1","[361]"
"1"," 1032.400"
"1","  998.000"
"1"," 1000.600"
"1","  998.200"
"1"," 1001.100"
"1","  999.300"
"1"," 1003.100"
"1"," 1034.900"
"1"," 1036.200"
"1","
"
"1","[370]"
"1"," 1032.700"
"1"," 1031.800"
"1","  995.100"
"1"," 1036.400"
"1"," 1035.000"
"1"," 1034.800"
"1"," 1036.800"
"1","  996.400"
"1"," 1031.600"
"1","
"
"1","[379]"
"1","  997.700"
"1"," 1027.000"
"1","  997.900"
"1","  996.700"
"1","  999.800"
"1","  999.700"
"1","  995.300"
"1","  994.500"
"1","  996.500"
"1","
"
"1","[388]"
"1","  998.300"
"1"," 1030.800"
"1","  993.800"
"1","  997.400"
"1","  995.800"
"1"," 1029.600"
"1"," 1034.000"
"1","  993.700"
"1","  999.900"
"1","
"
"1","[397]"
"1","  997.100"
"1"," 1000.400"
"1"," 1034.700"
"1","  991.600"
"1"," 1034.400"
"1"," 1033.400"
"1"," 1035.900"
"1","  996.800"
"1","  997.000"
"1","
"
"1","[406]"
"1"," 1035.600"
"1","  995.500"
"1"," 1034.500"
"1"," 1035.700"
"1","  995.600"
"1","  994.900"
"1","  996.100"
"1","  979.000"
"1","  996.000"
"1","
"
"1","[415]"
"1","  995.200"
"1"," 1033.000"
"1","  989.000"
"1"," 1036.300"
"1"," 1035.500"
"1","  993.400"
"1","  994.000"
"1","  996.300"
"1","  998.600"
"1","
"
"1","[424]"
"1"," 1026.660"
"1"," 1009.555"
"1"," 1016.777"
"1","  991.400"
"1","  991.000"
"1","  990.300"
"1","  989.800"
"1"," 1036.700"
"1","  994.200"
"1","
"
"1","[433]"
"1","  989.300"
"1","  995.000"
"1"," 1037.000"
"1"," 1035.400"
"1","  993.900"
"1","  993.600"
"1","  984.200"
"1","  994.700"
"1","  997.300"
"1","
"
"1","[442]"
"1","  994.400"
"1","  992.800"
"1","  990.700"
"1"," 1033.100"
"1","  987.400"
"1"," 1036.900"
"1"," 1035.800"
"1"," 1037.800"
"1"," 1033.900"
"1","
"
"1","[451]"
"1","  993.500"
"1","  993.300"
"1","  990.200"
"1","  993.200"
"1"," 1037.300"
"1","  985.500"
"1"," 1037.900"
"1","  996.600"
"1","  994.100"
"1","
"
"1","[460]"
"1","  991.900"
"1","  992.600"
"1","  985.000"
"1","  994.600"
"1"," 1037.500"
"1"," 1037.700"
"1","  990.900"
"1","  988.700"
"1","  992.500"
"1","
"
"1","[469]"
"1","  989.900"
"1","  987.300"
"1","  992.000"
"1","  990.400"
"1","  988.600"
"1","  992.700"
"1","  992.300"
"1","  987.100"
"1","  991.800"
"1","
"
"1","[478]"
"1","  991.100"
"1","  988.800"
"1","  991.500"
"1","  992.900"
"1","  991.700"
"1","  989.400"
"1","  992.400"
"1","  992.100"
"1"," 1035.300"
"1","
"
"1","[487]"
"1","  988.200"
"1","  990.800"
"1","  990.600"
"1","  988.300"
"1","  987.700"
"1","  982.600"
"1","  986.500"
"1","  991.300"
"1"," 1036.600"
"1","
"
"1","[496]"
"1"," 1037.100"
"1","  985.600"
"1","  992.200"
"1","  987.800"
"1","  986.000"
"1"," 1036.500"
"1","  985.200"
"1","  986.400"
"1","  986.600"
"1","
"
"1","[505]"
"1","  988.900"
"1","  984.900"
"1"," 1038.000"
"1"," 1038.200"
"1","  986.900"
"1","  989.600"
"1","  989.700"
"1","  989.200"
"1","  986.100"
"1","
"
"1","[514]"
"1","  985.100"
"1","  984.000"
"1","  985.300"
"1","  981.200"
"1","  988.400"
"1"," 1037.200"
"1"," 1037.600"
"1","  987.600"
"1","  980.200"
"1","
"
"1","[523]"
"1","  986.200"
"1","  987.000"
"1"," 1038.500"
"1"," 1038.900"
"1","  988.100"
"1","  990.100"
"1","  988.500"
"1","  990.000"
"1","  984.500"
"1","
"
"1","[532]"
"1","  987.200"
"1","  985.400"
"1","  981.400"
"1","  984.400"
"1","  989.100"
"1","  991.200"
"1","  982.200"
"1","  988.000"
"1","  977.100"
"1","
"
"1","[541]"
"1","  978.200"
"1","  983.200"
"1","  981.900"
"1","  983.300"
"1","  990.500"
"1"," 1039.600"
"1","  986.800"
"1"," 1038.400"
"1","  985.800"
"1","
"
"1","[550]"
"1","  989.500"
"1","
"
"1","[1]"
"1"," ""Unique values in Cloud9am:"""
"1","
"
"1"," [1]"
"1","  8"
"1"," NA"
"1","  7"
"1","  1"
"1","  0"
"1","  5"
"1","  4"
"1","  2"
"1","  6"
"1","  3"
"1","  9"
"1","
"
"1","[1]"
"1"," ""Unique values in Cloud3pm:"""
"1","
"
"1"," [1]"
"1"," NA"
"1","  2"
"1","  8"
"1","  7"
"1","  1"
"1","  5"
"1","  4"
"1","  6"
"1","  3"
"1","  0"
"1","  9"
"1","
"
"1","[1]"
"1"," ""Unique values in Temp9am:"""
"1","
"
"1","  [1]"
"1"," 16.9"
"1"," 17.2"
"1"," 21.0"
"1"," 18.1"
"1"," 17.8"
"1"," 20.6"
"1"," 16.3"
"1"," 18.3"
"1"," 20.1"
"1"," 20.4"
"1"," 15.9"
"1"," 17.4"
"1"," 15.8"
"1"," 17.3"
"1"," 18.0"
"1"," 15.5"
"1"," 19.1"
"1","
"
"1"," [18]"
"1"," 24.5"
"1"," 23.8"
"1"," 20.9"
"1"," 21.5"
"1"," 23.2"
"1"," 26.6"
"1"," 24.6"
"1"," 21.6"
"1"," 12.5"
"1"," 19.7"
"1"," 14.9"
"1"," 17.1"
"1"," 20.7"
"1"," 22.4"
"1"," 23.1"
"1"," 25.2"
"1"," 17.9"
"1","
"
"1"," [35]"
"1"," 20.2"
"1"," 22.8"
"1"," 24.2"
"1"," 24.3"
"1"," 25.6"
"1"," 27.6"
"1"," 16.0"
"1"," 22.0"
"1"," 26.8"
"1"," 27.3"
"1"," 26.1"
"1"," 23.3"
"1"," 21.2"
"1"," 23.4"
"1"," 25.8"
"1"," 28.2"
"1"," 29.0"
"1","
"
"1"," [52]"
"1"," 29.2"
"1"," 29.9"
"1"," 32.4"
"1"," 28.8"
"1"," 27.2"
"1"," 25.5"
"1"," 26.5"
"1"," 28.7"
"1"," 29.6"
"1"," 34.5"
"1"," 18.7"
"1"," 16.7"
"1"," 17.0"
"1"," 19.2"
"1"," 21.4"
"1"," 22.1"
"1"," 19.3"
"1","
"
"1"," [69]"
"1"," 15.0"
"1"," 20.0"
"1"," 22.2"
"1"," 23.0"
"1"," 15.6"
"1"," 13.9"
"1"," 12.6"
"1"," 13.3"
"1"," 17.6"
"1"," 18.6"
"1"," 19.0"
"1"," 19.9"
"1"," 12.7"
"1"," 12.2"
"1"," 12.1"
"1"," 14.7"
"1"," 18.8"
"1","
"
"1"," [86]"
"1"," 15.4"
"1"," 16.2"
"1"," 16.5"
"1"," 14.0"
"1"," 16.6"
"1"," 18.4"
"1"," 12.9"
"1"," 13.8"
"1"," 15.1"
"1"," 16.4"
"1"," 16.1"
"1"," 20.5"
"1","  9.6"
"1"," 12.4"
"1"," 14.1"
"1"," 11.2"
"1","  9.5"
"1","
"
"1","[103]"
"1","  7.6"
"1"," 10.1"
"1","  8.2"
"1","  7.9"
"1","  7.2"
"1"," 10.6"
"1"," 10.3"
"1"," 10.0"
"1","  8.3"
"1"," 11.0"
"1","  9.4"
"1"," 11.7"
"1","  8.5"
"1","  9.1"
"1","  7.5"
"1"," 13.0"
"1","  7.0"
"1","
"
"1","[120]"
"1","  8.8"
"1","  7.4"
"1"," 11.9"
"1"," 11.6"
"1"," 13.6"
"1","  7.1"
"1"," 10.2"
"1","  8.0"
"1","  9.2"
"1"," 11.3"
"1","  4.7"
"1","  6.8"
"1","  4.9"
"1","  2.2"
"1","  1.9"
"1","  5.9"
"1","  6.5"
"1","
"
"1","[137]"
"1","  5.4"
"1","  6.6"
"1","  5.6"
"1","  6.9"
"1","  8.4"
"1","  9.8"
"1"," 13.5"
"1","  7.8"
"1","  2.3"
"1","  2.4"
"1","  3.3"
"1","  3.8"
"1","  4.8"
"1","  8.1"
"1","  9.0"
"1","  4.5"
"1","  3.2"
"1","
"
"1","[154]"
"1","  3.7"
"1","  2.5"
"1","  4.4"
"1","  4.2"
"1","  9.3"
"1","  8.9"
"1"," 10.5"
"1","  9.9"
"1","  5.7"
"1","  2.0"
"1"," 14.8"
"1","  6.7"
"1","  6.0"
"1","  5.5"
"1"," 11.1"
"1","  5.8"
"1"," 10.8"
"1","
"
"1","[171]"
"1"," 13.2"
"1","  7.7"
"1","  9.7"
"1","  8.6"
"1","  8.7"
"1"," 10.9"
"1"," 14.3"
"1"," 11.5"
"1"," 13.1"
"1"," 15.2"
"1"," 11.8"
"1"," 13.4"
"1"," 14.4"
"1"," 23.9"
"1"," 17.5"
"1"," 24.7"
"1"," 21.7"
"1","
"
"1","[188]"
"1"," 24.1"
"1"," 19.5"
"1"," 27.8"
"1"," 16.8"
"1"," 20.3"
"1"," 18.9"
"1"," 15.7"
"1"," 12.8"
"1"," 21.8"
"1"," 20.8"
"1"," 32.1"
"1"," 24.4"
"1"," 26.0"
"1"," 28.1"
"1"," 21.3"
"1"," 26.4"
"1"," 29.1"
"1","
"
"1","[205]"
"1"," 29.4"
"1"," 25.1"
"1"," 27.7"
"1"," 18.5"
"1"," 25.0"
"1"," 22.9"
"1"," 23.5"
"1"," 26.3"
"1"," 22.6"
"1"," 25.9"
"1"," 19.6"
"1"," 22.3"
"1"," 19.8"
"1"," 14.2"
"1"," 17.7"
"1"," 19.4"
"1"," 18.2"
"1","
"
"1","[222]"
"1"," 14.6"
"1"," 15.3"
"1"," 10.4"
"1"," 10.7"
"1","  6.4"
"1","  6.3"
"1","  5.1"
"1","  6.2"
"1","  5.3"
"1","  4.1"
"1","  3.4"
"1","  6.1"
"1","  2.8"
"1","  3.1"
"1","  3.0"
"1","  5.0"
"1","  2.9"
"1","
"
"1","[239]"
"1","  5.2"
"1","  4.0"
"1","  4.6"
"1","  4.3"
"1","  7.3"
"1"," 11.4"
"1"," 13.7"
"1"," 24.0"
"1"," 22.5"
"1"," 21.9"
"1"," 26.7"
"1"," 24.9"
"1"," 25.3"
"1"," 21.1"
"1"," 25.4"
"1"," 24.8"
"1"," 14.5"
"1","
"
"1","[256]"
"1","  3.5"
"1","  3.6"
"1","  3.9"
"1","  2.6"
"1"," 12.0"
"1"," 22.7"
"1","  0.3"
"1"," 27.5"
"1"," 29.5"
"1"," 23.6"
"1"," 30.7"
"1"," 29.7"
"1"," 27.0"
"1"," 23.7"
"1"," 12.3"
"1","   NA"
"1"," 28.6"
"1","
"
"1","[273]"
"1"," 26.9"
"1"," 31.8"
"1"," 28.0"
"1"," 30.8"
"1"," 28.4"
"1"," 25.7"
"1"," 27.4"
"1"," 26.2"
"1"," 33.7"
"1"," 27.9"
"1"," 30.2"
"1"," 28.3"
"1","  2.7"
"1"," 29.3"
"1"," 29.8"
"1","  1.6"
"1"," 30.4"
"1","
"
"1","[290]"
"1"," 37.6"
"1"," 34.2"
"1"," 31.3"
"1"," 33.6"
"1"," 31.5"
"1"," 31.4"
"1"," 28.9"
"1"," 30.1"
"1"," 32.0"
"1"," 32.6"
"1"," 35.6"
"1"," 31.6"
"1"," 31.2"
"1"," 30.0"
"1"," 34.3"
"1"," 31.1"
"1"," 37.3"
"1","
"
"1","[307]"
"1"," 27.1"
"1"," 34.4"
"1"," 33.0"
"1"," 33.9"
"1"," 32.9"
"1"," 34.1"
"1"," 28.5"
"1"," 35.7"
"1"," 31.0"
"1"," 30.3"
"1"," 32.3"
"1"," 35.1"
"1"," 34.8"
"1"," 34.0"
"1"," 37.7"
"1"," 30.9"
"1"," 32.2"
"1","
"
"1","[324]"
"1"," 33.4"
"1"," 33.2"
"1"," 32.7"
"1"," 30.6"
"1"," 31.7"
"1"," 35.2"
"1"," 30.5"
"1"," 33.5"
"1"," 36.8"
"1"," 34.9"
"1"," 33.1"
"1"," 36.3"
"1"," 32.5"
"1"," 31.9"
"1"," 32.8"
"1"," 35.5"
"1"," 36.4"
"1","
"
"1","[341]"
"1"," 37.5"
"1"," 35.9"
"1","  0.8"
"1","  0.9"
"1"," 36.5"
"1"," 37.2"
"1"," 33.3"
"1","  0.6"
"1","  1.0"
"1","  1.7"
"1","  2.1"
"1","  1.2"
"1","  1.8"
"1","  0.0"
"1","  1.3"
"1","  1.5"
"1","  0.5"
"1","
"
"1","[358]"
"1","  0.4"
"1","  0.2"
"1","  1.4"
"1","  0.1"
"1"," -0.9"
"1","  0.7"
"1"," -0.7"
"1"," -0.2"
"1"," -0.3"
"1"," -1.1"
"1","  1.1"
"1"," -1.0"
"1"," -1.2"
"1"," -1.3"
"1"," -0.5"
"1"," -0.6"
"1"," -0.4"
"1","
"
"1","[375]"
"1"," -0.8"
"1"," -3.1"
"1"," -0.1"
"1"," -1.4"
"1"," -1.7"
"1"," -2.3"
"1"," -2.8"
"1"," -3.4"
"1"," -5.9"
"1"," -2.5"
"1"," -4.1"
"1"," -1.6"
"1"," -2.2"
"1"," -2.4"
"1"," -2.9"
"1"," -2.1"
"1"," -3.2"
"1","
"
"1","[392]"
"1"," -2.0"
"1"," -1.8"
"1"," -4.2"
"1"," -3.3"
"1"," -4.3"
"1"," -3.7"
"1"," -3.6"
"1"," -5.5"
"1"," -4.0"
"1"," -1.9"
"1"," -4.8"
"1"," -2.7"
"1"," -5.2"
"1"," -5.3"
"1"," -1.5"
"1"," -3.9"
"1"," -3.0"
"1","
"
"1","[409]"
"1"," -3.8"
"1"," -4.4"
"1"," -2.6"
"1"," -6.2"
"1"," -3.5"
"1"," -4.5"
"1"," -5.6"
"1"," -7.0"
"1"," -7.2"
"1"," 36.0"
"1"," 35.4"
"1"," 34.6"
"1"," 33.8"
"1"," 36.9"
"1"," 35.3"
"1"," 36.1"
"1"," 38.3"
"1","
"
"1","[426]"
"1"," 37.4"
"1"," 34.7"
"1"," 38.6"
"1"," 35.8"
"1"," 37.9"
"1"," 35.0"
"1"," 40.2"
"1"," 37.0"
"1"," 39.4"
"1"," 39.0"
"1"," 38.2"
"1"," 36.2"
"1"," 38.9"
"1"," 36.6"
"1"," 39.1"
"1"," 38.0"
"1","
"
"1","[1]"
"1"," ""Unique values in Temp3pm:"""
"1","
"
"1","  [1]"
"1"," 21.8"
"1"," 24.3"
"1"," 23.2"
"1"," 26.5"
"1"," 29.7"
"1"," 28.9"
"1"," 24.6"
"1"," 25.5"
"1"," 30.2"
"1"," 28.2"
"1"," 28.8"
"1"," 17.0"
"1"," 15.8"
"1"," 19.8"
"1"," 26.2"
"1"," 18.1"
"1"," 21.5"
"1","
"
"1"," [18]"
"1"," 21.0"
"1"," 27.3"
"1"," 31.6"
"1"," 30.8"
"1"," 29.0"
"1"," 31.2"
"1"," 33.0"
"1"," 32.1"
"1"," 26.1"
"1"," 18.2"
"1"," 22.7"
"1"," 25.7"
"1"," 22.1"
"1"," 33.9"
"1"," 34.4"
"1"," 36.8"
"1"," 38.4"
"1","
"
"1"," [35]"
"1"," 27.6"
"1"," 26.6"
"1"," 29.3"
"1"," 30.0"
"1"," 33.2"
"1"," 35.7"
"1"," 41.5"
"1"," 27.1"
"1"," 25.8"
"1"," 30.5"
"1"," 37.7"
"1"," 36.1"
"1"," 33.1"
"1"," 36.5"
"1"," 36.2"
"1"," 39.2"
"1"," 40.1"
"1","
"
"1"," [52]"
"1"," 41.2"
"1"," 42.0"
"1"," 41.9"
"1"," 37.1"
"1"," 35.2"
"1"," 39.7"
"1"," 41.6"
"1"," 43.4"
"1"," 38.5"
"1"," 29.4"
"1"," 24.9"
"1"," 17.3"
"1"," 28.5"
"1"," 29.2"
"1"," 29.5"
"1"," 27.0"
"1"," 30.7"
"1","
"
"1"," [69]"
"1"," 32.7"
"1"," 26.8"
"1"," 29.8"
"1"," 31.3"
"1"," 33.4"
"1"," 28.6"
"1"," 33.6"
"1"," 28.1"
"1"," 21.9"
"1"," 21.4"
"1"," 22.0"
"1"," 29.6"
"1"," 18.8"
"1"," 23.8"
"1"," 19.7"
"1"," 18.3"
"1"," 20.5"
"1","
"
"1"," [86]"
"1"," 23.9"
"1"," 27.2"
"1"," 32.6"
"1"," 33.5"
"1"," 31.4"
"1"," 19.6"
"1"," 27.7"
"1"," 29.9"
"1"," 30.9"
"1"," 27.4"
"1"," 20.3"
"1"," 21.2"
"1"," 20.9"
"1"," 21.6"
"1"," 23.5"
"1"," 25.0"
"1"," 24.4"
"1","
"
"1","[103]"
"1"," 23.1"
"1"," 18.9"
"1"," 19.4"
"1"," 22.9"
"1"," 23.6"
"1"," 21.3"
"1"," 22.3"
"1"," 22.6"
"1"," 15.1"
"1"," 14.5"
"1"," 11.6"
"1","  9.4"
"1"," 14.0"
"1"," 12.1"
"1"," 16.1"
"1"," 16.3"
"1"," 19.1"
"1","
"
"1","[120]"
"1"," 18.5"
"1"," 18.4"
"1"," 19.2"
"1"," 20.2"
"1"," 17.7"
"1"," 18.0"
"1"," 14.6"
"1"," 15.3"
"1"," 15.9"
"1"," 14.7"
"1"," 18.7"
"1"," 21.7"
"1"," 20.8"
"1"," 19.5"
"1"," 17.4"
"1"," 15.6"
"1"," 16.7"
"1","
"
"1","[137]"
"1"," 16.8"
"1"," 13.4"
"1"," 13.0"
"1"," 16.5"
"1"," 10.2"
"1"," 11.5"
"1"," 11.4"
"1","  7.9"
"1","  9.7"
"1","  8.8"
"1"," 15.5"
"1"," 13.9"
"1"," 15.4"
"1"," 14.9"
"1"," 16.4"
"1"," 13.6"
"1"," 15.2"
"1","
"
"1","[154]"
"1"," 13.7"
"1"," 11.3"
"1"," 12.3"
"1"," 13.1"
"1"," 11.7"
"1"," 12.6"
"1"," 12.0"
"1"," 12.4"
"1"," 14.3"
"1"," 13.2"
"1"," 10.1"
"1"," 12.5"
"1"," 12.8"
"1"," 14.2"
"1"," 11.2"
"1"," 13.5"
"1"," 17.6"
"1","
"
"1","[171]"
"1"," 12.9"
"1"," 10.8"
"1","  9.6"
"1","  7.3"
"1"," 12.7"
"1"," 13.3"
"1"," 16.6"
"1"," 11.1"
"1"," 14.4"
"1"," 16.2"
"1"," 17.5"
"1"," 10.7"
"1"," 16.0"
"1"," 24.0"
"1"," 17.1"
"1"," 20.7"
"1"," 17.2"
"1","
"
"1","[188]"
"1"," 20.6"
"1"," 14.8"
"1"," 10.0"
"1"," 15.7"
"1"," 17.8"
"1"," 19.0"
"1"," 14.1"
"1"," 10.9"
"1"," 19.3"
"1"," 25.3"
"1"," 25.4"
"1"," 24.8"
"1"," 23.4"
"1"," 28.4"
"1"," 30.3"
"1"," 31.1"
"1"," 32.8"
"1","
"
"1","[205]"
"1"," 33.8"
"1"," 34.9"
"1"," 34.6"
"1"," 31.7"
"1"," 35.4"
"1"," 39.0"
"1"," 36.4"
"1"," 25.6"
"1"," 32.0"
"1"," 25.2"
"1"," 24.7"
"1"," 28.7"
"1"," 30.6"
"1"," 26.0"
"1"," 32.5"
"1"," 36.9"
"1"," 30.4"
"1","
"
"1","[222]"
"1"," 35.9"
"1"," 37.5"
"1"," 27.5"
"1"," 34.1"
"1"," 35.1"
"1"," 28.0"
"1"," 31.8"
"1"," 35.3"
"1"," 38.6"
"1"," 40.9"
"1"," 41.1"
"1"," 19.9"
"1"," 36.0"
"1"," 24.1"
"1"," 34.3"
"1"," 39.1"
"1"," 34.7"
"1","
"
"1","[239]"
"1"," 34.8"
"1"," 30.1"
"1"," 32.9"
"1"," 26.4"
"1"," 24.2"
"1"," 20.1"
"1"," 21.1"
"1"," 22.8"
"1"," 31.5"
"1"," 26.9"
"1"," 29.1"
"1"," 28.3"
"1"," 25.1"
"1"," 23.0"
"1"," 22.4"
"1"," 27.9"
"1"," 18.6"
"1","
"
"1","[256]"
"1"," 16.9"
"1"," 13.8"
"1"," 15.0"
"1","  8.9"
"1"," 11.0"
"1"," 11.8"
"1","  8.2"
"1","  9.1"
"1"," 10.4"
"1"," 12.2"
"1","  8.7"
"1"," 11.9"
"1"," 22.5"
"1"," 24.5"
"1"," 36.7"
"1"," 37.3"
"1"," 38.8"
"1","
"
"1","[273]"
"1"," 26.7"
"1","  8.6"
"1"," 20.4"
"1","  9.0"
"1"," 10.3"
"1"," 10.6"
"1","  8.0"
"1","  8.1"
"1"," 10.5"
"1","  9.8"
"1","  9.5"
"1","  9.9"
"1"," 17.9"
"1"," 22.2"
"1"," 23.3"
"1"," 23.7"
"1"," 26.3"
"1","
"
"1","[290]"
"1","   NA"
"1"," 25.9"
"1"," 35.0"
"1"," 34.2"
"1"," 34.5"
"1"," 32.4"
"1"," 27.8"
"1"," 20.0"
"1","  7.0"
"1"," 35.8"
"1"," 39.3"
"1"," 42.4"
"1"," 40.7"
"1"," 38.2"
"1"," 40.6"
"1"," 35.6"
"1"," 34.0"
"1","
"
"1","[307]"
"1"," 36.3"
"1"," 32.3"
"1","  9.2"
"1","  9.3"
"1","  8.3"
"1"," 31.9"
"1"," 41.7"
"1"," 38.9"
"1"," 31.0"
"1"," 37.2"
"1"," 40.8"
"1"," 40.2"
"1"," 38.3"
"1","  8.4"
"1","  8.5"
"1","  6.7"
"1"," 32.2"
"1","
"
"1","[324]"
"1"," 37.0"
"1","  7.6"
"1","  6.4"
"1","  7.7"
"1"," 33.3"
"1"," 39.5"
"1"," 37.6"
"1"," 42.3"
"1"," 33.7"
"1"," 35.5"
"1","  7.5"
"1","  7.4"
"1"," 38.0"
"1"," 39.8"
"1"," 37.8"
"1"," 39.6"
"1"," 40.3"
"1","
"
"1","[341]"
"1"," 36.6"
"1"," 42.2"
"1"," 37.9"
"1"," 43.7"
"1"," 38.7"
"1"," 41.0"
"1"," 43.5"
"1"," 43.3"
"1"," 38.1"
"1"," 43.0"
"1"," 41.4"
"1"," 40.0"
"1"," 40.4"
"1"," 37.4"
"1"," 39.9"
"1"," 43.2"
"1"," 40.5"
"1","
"
"1","[358]"
"1"," 44.8"
"1"," 42.9"
"1"," 42.6"
"1"," 42.1"
"1"," 42.7"
"1"," 43.1"
"1"," 39.4"
"1","  6.9"
"1"," 44.0"
"1"," 45.2"
"1"," 45.8"
"1"," 41.3"
"1"," 42.8"
"1"," 46.7"
"1"," 45.3"
"1"," 44.1"
"1"," 42.5"
"1","
"
"1","[375]"
"1"," 43.8"
"1"," 46.2"
"1"," 45.9"
"1"," 44.7"
"1"," 44.9"
"1"," 41.8"
"1","  6.8"
"1","  6.0"
"1","  6.6"
"1"," 43.9"
"1","  7.1"
"1","  7.8"
"1","  7.2"
"1","  5.7"
"1","  5.1"
"1","  6.2"
"1","  3.7"
"1","
"
"1","[392]"
"1","  6.5"
"1","  6.1"
"1","  4.3"
"1","  5.4"
"1","  5.3"
"1","  4.9"
"1","  5.6"
"1","  2.3"
"1","  5.5"
"1","  6.3"
"1","  5.9"
"1","  5.8"
"1","  3.4"
"1","  3.6"
"1"," -1.9"
"1"," -1.3"
"1","  1.4"
"1","
"
"1","[409]"
"1","  4.4"
"1","  4.5"
"1","  2.6"
"1","  0.8"
"1","  4.8"
"1","  1.8"
"1","  2.4"
"1","  2.7"
"1","  4.0"
"1","  5.0"
"1"," -0.3"
"1"," -2.9"
"1"," -5.1"
"1"," -0.4"
"1","  0.9"
"1","  2.1"
"1","  2.9"
"1","
"
"1","[426]"
"1","  1.2"
"1"," -0.6"
"1","  1.9"
"1","  5.2"
"1"," -0.7"
"1"," -1.0"
"1"," -1.8"
"1"," -0.1"
"1"," -1.6"
"1"," -0.2"
"1","  1.6"
"1","  1.3"
"1"," -1.2"
"1","  2.0"
"1","  2.8"
"1","  0.7"
"1"," -0.9"
"1","
"
"1","[443]"
"1","  0.3"
"1"," -1.1"
"1","  1.1"
"1","  1.0"
"1","  0.0"
"1"," -2.8"
"1"," -1.4"
"1","  0.2"
"1","  0.4"
"1"," -3.1"
"1"," -2.6"
"1","  3.0"
"1","  0.6"
"1","  4.6"
"1","  3.2"
"1","  4.2"
"1","  3.5"
"1","
"
"1","[460]"
"1","  3.8"
"1","  4.1"
"1"," -1.7"
"1"," -1.5"
"1","  3.3"
"1","  2.2"
"1"," -2.0"
"1"," -2.2"
"1","  2.5"
"1"," -2.3"
"1","  3.9"
"1","  3.1"
"1"," -3.7"
"1","  4.7"
"1","  1.7"
"1","  0.1"
"1","  1.5"
"1","
"
"1","[477]"
"1"," -3.9"
"1"," -0.5"
"1"," -2.7"
"1"," -3.5"
"1"," -2.1"
"1","  0.5"
"1"," -2.5"
"1"," -3.2"
"1"," -4.1"
"1"," -3.4"
"1"," -0.8"
"1"," -3.0"
"1"," -4.4"
"1"," -2.4"
"1"," -4.0"
"1"," -4.2"
"1"," -5.4"
"1","
"
"1","[494]"
"1"," -3.8"
"1"," 44.4"
"1"," 46.1"
"1"," 45.4"
"1"," 43.6"
"1"," 44.5"
"1"," 44.3"
"1"," 45.0"
"1","
"
"1","[1]"
"1"," ""Unique values in RainToday:"""
"1","
"
"1","[1]"
"1"," No  "
"1"," Yes "
"1"," <NA>"
"1","
"
"1",""
"1","Levels: "
"1",""
"1","No Yes"
"1",""
"1","
"
"1","[1]"
"1"," ""Unique values in RISK_MM:"""
"1","
"
"1","  [1]"
"1","   0.0"
"1","   1.0"
"1","   0.2"
"1","   1.4"
"1","   2.2"
"1","  15.6"
"1","   3.6"
"1","  16.8"
"1","  10.6"
"1","   1.2"
"1","   0.8"
"1","   0.6"
"1","   6.4"
"1","   0.4"
"1","
"
"1"," [15]"
"1","   3.0"
"1","   5.8"
"1","  11.6"
"1","   1.8"
"1","   8.6"
"1","  12.6"
"1","   8.4"
"1","   6.2"
"1","  20.0"
"1","  21.0"
"1","   3.2"
"1","   4.8"
"1","   4.2"
"1","   8.0"
"1","
"
"1"," [29]"
"1","  14.4"
"1","   4.6"
"1","   2.0"
"1","   5.6"
"1","   1.6"
"1","   6.0"
"1","   4.4"
"1","   5.4"
"1","   5.0"
"1","   7.8"
"1","   6.8"
"1","   9.8"
"1","   3.8"
"1","   2.4"
"1","
"
"1"," [43]"
"1","   5.2"
"1","   6.6"
"1","  13.4"
"1","  10.2"
"1","  28.8"
"1","   7.0"
"1","  25.8"
"1","   9.4"
"1","  12.4"
"1","  52.2"
"1","  20.6"
"1","  66.0"
"1","  11.0"
"1","  17.0"
"1","
"
"1"," [57]"
"1","  10.4"
"1","  28.0"
"1","  21.4"
"1","  18.6"
"1","   7.2"
"1","   8.2"
"1","  10.8"
"1","  15.4"
"1","   9.6"
"1","   4.0"
"1","  21.8"
"1","  20.8"
"1","  24.8"
"1","  10.0"
"1","
"
"1"," [71]"
"1","  11.4"
"1","  19.0"
"1","  22.2"
"1","  32.8"
"1","   3.4"
"1","  50.8"
"1","  52.6"
"1","  19.2"
"1","  18.8"
"1","  14.8"
"1","  12.0"
"1","  18.4"
"1","  25.6"
"1","  35.0"
"1","
"
"1"," [85]"
"1","  14.2"
"1","  13.8"
"1","   2.6"
"1","  99.2"
"1","  51.0"
"1","  39.8"
"1","  28.2"
"1","  12.2"
"1","  12.8"
"1","  11.8"
"1","  19.8"
"1","  17.4"
"1","   8.8"
"1","  16.2"
"1","
"
"1"," [99]"
"1","  14.6"
"1","   2.8"
"1","  30.8"
"1","  28.4"
"1","  34.8"
"1","  44.0"
"1","  14.0"
"1","  16.6"
"1","   9.0"
"1","  26.8"
"1","  38.4"
"1"," 104.2"
"1","  36.6"
"1","  34.2"
"1","
"
"1","[113]"
"1","  29.4"
"1","  27.2"
"1","  11.2"
"1","  13.2"
"1","  33.4"
"1","   7.6"
"1","  24.6"
"1","   7.4"
"1","  16.0"
"1","  19.4"
"1","  53.4"
"1","  15.0"
"1","  33.6"
"1","  17.2"
"1","
"
"1","[127]"
"1","  37.4"
"1","  13.0"
"1","  31.0"
"1","   9.2"
"1","  66.2"
"1","  36.4"
"1","  41.0"
"1","  24.4"
"1","  27.0"
"1","  46.8"
"1","  15.8"
"1","  35.8"
"1","  22.4"
"1","  16.4"
"1","
"
"1","[141]"
"1","  15.2"
"1","  23.0"
"1","  22.8"
"1","  28.6"
"1","  46.0"
"1","  24.2"
"1","  22.0"
"1","  18.0"
"1","  31.2"
"1","  21.2"
"1","  36.0"
"1","  23.4"
"1","  32.0"
"1","  46.4"
"1","
"
"1","[155]"
"1","  13.6"
"1","  42.0"
"1","  33.8"
"1","  25.4"
"1","  20.4"
"1","  22.6"
"1","  43.2"
"1","  61.4"
"1","  48.2"
"1","  48.6"
"1","  18.2"
"1","  67.8"
"1","  39.2"
"1","  31.8"
"1","
"
"1","[169]"
"1","  82.4"
"1","  35.4"
"1"," 116.0"
"1","  30.6"
"1","  17.8"
"1","  38.2"
"1","  30.2"
"1","  24.0"
"1","  47.0"
"1","  42.4"
"1","  33.0"
"1","  40.0"
"1","  44.2"
"1","  34.6"
"1","
"
"1","[183]"
"1","  30.4"
"1","  38.8"
"1","  83.6"
"1","  50.2"
"1","  26.2"
"1","  38.0"
"1","  31.6"
"1","  27.8"
"1","  29.8"
"1","  17.6"
"1"," 100.2"
"1"," 109.2"
"1","  23.6"
"1","  32.6"
"1","
"
"1","[197]"
"1","  21.6"
"1","  54.0"
"1","  39.6"
"1","  26.0"
"1","  34.0"
"1","  49.4"
"1","  37.0"
"1","  29.2"
"1","  68.0"
"1","  33.2"
"1","  27.4"
"1","  39.0"
"1","  38.6"
"1","  43.0"
"1","
"
"1","[211]"
"1","   4.5"
"1","  29.1"
"1","   2.9"
"1","   1.3"
"1","  30.0"
"1","  63.6"
"1"," 189.0"
"1","  58.6"
"1","  62.6"
"1","  59.0"
"1","  20.2"
"1","  42.8"
"1","  76.0"
"1","  19.6"
"1","
"
"1","[225]"
"1","  55.8"
"1","  70.0"
"1","  71.2"
"1"," 141.8"
"1","  96.0"
"1"," 371.0"
"1","  58.0"
"1","  67.0"
"1","  80.6"
"1","  56.6"
"1","  45.2"
"1","  59.4"
"1","  42.6"
"1","  34.4"
"1","
"
"1","[239]"
"1","  90.0"
"1"," 128.0"
"1","  61.2"
"1","  23.8"
"1","  27.6"
"1","  73.8"
"1","  72.2"
"1"," 105.4"
"1","  40.4"
"1"," 102.0"
"1","  44.4"
"1","  48.0"
"1","  63.8"
"1","  36.8"
"1","
"
"1","[253]"
"1","   5.5"
"1","  25.2"
"1"," 103.4"
"1"," 127.6"
"1","  63.2"
"1","  52.4"
"1","  25.0"
"1","  55.0"
"1","  56.8"
"1","  70.8"
"1","  62.4"
"1"," 112.0"
"1"," 153.2"
"1","  45.8"
"1","
"
"1","[267]"
"1","  97.0"
"1","  51.8"
"1","  86.4"
"1","   0.5"
"1"," 159.8"
"1"," 208.5"
"1"," 172.2"
"1","   0.9"
"1","   2.5"
"1","   0.3"
"1","   1.7"
"1","   3.3"
"1","  51.2"
"1"," 106.4"
"1","
"
"1","[281]"
"1"," 147.8"
"1","  45.6"
"1","  59.6"
"1","  29.0"
"1","  11.7"
"1","  75.0"
"1","  76.4"
"1","  64.0"
"1","  53.2"
"1"," 100.4"
"1","   0.1"
"1","  65.8"
"1","   8.5"
"1","  32.4"
"1","
"
"1","[295]"
"1"," 157.8"
"1","   4.1"
"1"," 113.8"
"1","   0.7"
"1","   3.1"
"1","   1.5"
"1","  32.2"
"1","  32.7"
"1","  10.1"
"1","  11.1"
"1","  96.1"
"1","  49.8"
"1"," 219.6"
"1"," 109.4"
"1","
"
"1","[309]"
"1","   3.5"
"1","  26.4"
"1","  29.6"
"1","  36.2"
"1","  37.6"
"1","  43.8"
"1","  41.5"
"1","  50.6"
"1"," 142.8"
"1"," 106.2"
"1"," 104.8"
"1","   2.7"
"1","  31.1"
"1","  13.9"
"1","
"
"1","[323]"
"1","  71.0"
"1","  90.6"
"1","  64.8"
"1","  47.6"
"1","  51.4"
"1","  26.6"
"1","  48.8"
"1","  37.2"
"1","  39.4"
"1"," 113.0"
"1","  74.4"
"1","  92.8"
"1","  40.2"
"1","  76.8"
"1","
"
"1","[337]"
"1","  54.6"
"1","  44.8"
"1","  44.6"
"1","  50.0"
"1","  22.7"
"1","  20.9"
"1","  59.8"
"1","  45.4"
"1"," 147.2"
"1","  35.2"
"1","  71.4"
"1","  31.4"
"1","  23.7"
"1","  42.2"
"1","
"
"1","[351]"
"1","  75.6"
"1","  41.8"
"1","  43.6"
"1","   4.9"
"1","  35.6"
"1","  26.5"
"1","  49.0"
"1","  33.9"
"1","  30.7"
"1","   5.3"
"1","  10.7"
"1","  64.1"
"1","  50.4"
"1","  45.5"
"1","
"
"1","[365]"
"1","   6.9"
"1","  68.8"
"1","  77.6"
"1","  89.8"
"1","  69.8"
"1","  32.5"
"1"," 132.5"
"1","  15.7"
"1","  22.5"
"1"," 240.0"
"1","  41.2"
"1","   6.3"
"1","  58.2"
"1","  37.9"
"1","
"
"1","[379]"
"1","  29.5"
"1","  52.0"
"1","  21.5"
"1"," 216.3"
"1","  12.5"
"1","   2.3"
"1","  51.6"
"1","  20.7"
"1","  63.4"
"1","  74.2"
"1","  23.2"
"1","  43.4"
"1","  56.0"
"1","  40.6"
"1","
"
"1","[393]"
"1","  47.8"
"1","  48.4"
"1","  69.2"
"1","  55.6"
"1","  61.8"
"1","  73.0"
"1","  83.4"
"1","  37.8"
"1"," 126.4"
"1","  47.2"
"1","  59.2"
"1"," 120.2"
"1","  56.2"
"1","  89.0"
"1","
"
"1","[407]"
"1","  76.2"
"1","  82.8"
"1","  69.6"
"1","  72.0"
"1","  40.8"
"1"," 107.4"
"1","  71.6"
"1","  29.9"
"1"," 142.2"
"1","  79.8"
"1","  84.8"
"1"," 105.6"
"1","  57.6"
"1","  45.0"
"1","
"
"1","[421]"
"1","  62.2"
"1"," 111.0"
"1"," 122.6"
"1","  54.8"
"1","  61.0"
"1","  61.6"
"1"," 156.8"
"1","  39.9"
"1","   2.1"
"1","   1.9"
"1","   1.1"
"1","   4.7"
"1","   5.7"
"1","  92.2"
"1","
"
"1","[435]"
"1"," 115.4"
"1"," 101.8"
"1","  49.6"
"1","  85.6"
"1","  81.4"
"1","  81.6"
"1","  67.6"
"1","  58.4"
"1","  41.6"
"1","  56.4"
"1"," 111.8"
"1","  47.4"
"1"," 113.4"
"1","  74.0"
"1","
"
"1","[449]"
"1","  70.6"
"1","  78.4"
"1","  68.6"
"1","  77.4"
"1","  73.2"
"1","  99.4"
"1","  65.2"
"1","  88.2"
"1","  57.4"
"1","  95.2"
"1","  57.0"
"1"," 119.4"
"1"," 105.8"
"1","  54.4"
"1","
"
"1","[463]"
"1","  41.4"
"1","  94.4"
"1","  64.4"
"1","  93.8"
"1","  68.4"
"1","  52.8"
"1","  85.0"
"1","  83.2"
"1"," 106.0"
"1","  60.2"
"1","  91.0"
"1","  53.6"
"1"," 104.6"
"1","  80.4"
"1","
"
"1","[477]"
"1"," 106.8"
"1","  88.6"
"1","  72.8"
"1","  62.8"
"1","  46.6"
"1","  95.6"
"1","  53.0"
"1","  54.2"
"1"," 110.8"
"1","  57.8"
"1","  12.3"
"1","  22.9"
"1","  13.3"
"1"," 134.8"
"1","
"
"1","[491]"
"1","  84.4"
"1","  46.2"
"1","  64.2"
"1","  86.8"
"1"," 157.6"
"1"," 166.8"
"1"," 156.0"
"1"," 114.4"
"1","  81.8"
"1"," 225.0"
"1","   8.7"
"1","  91.4"
"1","  18.1"
"1","  49.2"
"1","
"
"1","[505]"
"1","  60.8"
"1","  97.2"
"1","  82.6"
"1","  78.6"
"1","  53.8"
"1","  72.6"
"1"," 139.0"
"1","  58.8"
"1","  65.0"
"1","  79.0"
"1","  75.8"
"1","  55.2"
"1"," 192.0"
"1","  80.8"
"1","
"
"1","[519]"
"1"," 118.0"
"1","  96.4"
"1"," 164.2"
"1","  69.4"
"1","  75.2"
"1","  55.4"
"1","  87.0"
"1","  93.0"
"1","  91.6"
"1","  84.2"
"1","  87.6"
"1","  78.0"
"1","  73.4"
"1"," 102.2"
"1","
"
"1","[533]"
"1","  60.4"
"1","  89.4"
"1"," 107.6"
"1","  83.8"
"1","  78.2"
"1","  88.0"
"1","  95.0"
"1","  70.4"
"1","  66.4"
"1","  82.2"
"1"," 155.0"
"1","  60.0"
"1","  65.6"
"1","  63.0"
"1","
"
"1","[547]"
"1","  84.0"
"1","  87.4"
"1","  83.0"
"1","  73.6"
"1","  77.2"
"1","  79.4"
"1"," 121.4"
"1","  60.6"
"1","  93.6"
"1"," 168.4"
"1"," 145.0"
"1","  94.0"
"1","  89.2"
"1","  68.2"
"1","
"
"1","[561]"
"1"," 182.6"
"1"," 110.6"
"1","  98.0"
"1"," 278.4"
"1"," 140.2"
"1","  62.0"
"1"," 121.6"
"1","  71.8"
"1"," 115.8"
"1","  79.2"
"1"," 268.6"
"1"," 183.0"
"1"," 109.6"
"1"," 128.2"
"1","
"
"1","[575]"
"1"," 206.2"
"1"," 136.6"
"1"," 150.2"
"1"," 161.6"
"1"," 109.0"
"1"," 115.2"
"1"," 175.2"
"1"," 247.2"
"1","  85.4"
"1"," 105.2"
"1","  74.8"
"1"," 115.0"
"1"," 126.0"
"1","  84.6"
"1","
"
"1","[589]"
"1"," 158.0"
"1","  77.8"
"1","  64.6"
"1"," 118.2"
"1"," 143.8"
"1"," 118.6"
"1"," 112.2"
"1"," 178.2"
"1"," 183.4"
"1"," 108.2"
"1"," 155.8"
"1"," 111.2"
"1"," 128.4"
"1","  80.2"
"1","
"
"1","[603]"
"1"," 129.0"
"1"," 105.0"
"1"," 177.6"
"1","  86.2"
"1"," 236.8"
"1","  93.4"
"1","  79.6"
"1"," 206.8"
"1","  81.2"
"1","  92.6"
"1"," 165.2"
"1"," 170.4"
"1","  93.2"
"1","  98.2"
"1","
"
"1","[617]"
"1"," 148.6"
"1","  70.2"
"1"," 144.2"
"1"," 164.6"
"1"," 174.6"
"1","  87.8"
"1"," 124.8"
"1"," 120.8"
"1","  78.8"
"1","  76.6"
"1","  11.9"
"1","   9.5"
"1","  10.5"
"1","   7.1"
"1","
"
"1","[631]"
"1","   6.5"
"1","   6.1"
"1","  34.3"
"1","   3.9"
"1","   6.7"
"1","  12.7"
"1","  15.9"
"1","  14.5"
"1","  29.3"
"1","  23.9"
"1","   8.9"
"1","   9.1"
"1","  13.1"
"1","  10.9"
"1","
"
"1","[645]"
"1","  18.5"
"1","  65.4"
"1","   7.5"
"1","  47.3"
"1","   5.9"
"1","  19.7"
"1","  12.1"
"1","  11.5"
"1","   7.9"
"1","  25.3"
"1","  17.5"
"1","   7.3"
"1","   9.9"
"1","  15.5"
"1","
"
"1","[659]"
"1","  81.0"
"1","  95.8"
"1","  90.4"
"1"," 141.2"
"1"," 162.2"
"1"," 136.4"
"1"," 131.4"
"1"," 132.6"
"1"," 367.6"
"1"," 184.6"
"1"," 182.2"
"1"," 145.2"
"1","  96.8"
"1","  74.6"
"1","
"
"1","[673]"
"1"," 129.4"
"1"," 122.8"
"1"," 109.8"
"1"," 145.6"
"1"," 210.6"
"1"," 117.6"
"1","  69.5"
"1"," 167.0"
"1","  69.0"
"1","
"
"1","[1]"
"1"," ""Unique values in RainTomorrow:"""
"1","
"
"1","[1]"
"1"," No "
"1"," Yes"
"1","
"
"1",""
"1","Levels: "
"1",""
"1","No Yes"
"1",""
"1","
"
